<?xml version="1.0" encoding="UTF-8"?>

<Observation xmlns="http://hl7.org/fhir">
  <id value="observation-001"/>
  <meta>
    <profile value="https://dhin.org/2025Connectathon/StructureDefinition/ng-referral-observation"/>
  </meta>
  <text>
    <status value="generated"/><div xmlns="http://www.w3.org/1999/xhtml"><p class="res-header-id"><b>Generated Narrative: Observation observation-001</b></p><a name="observation-001"> </a><a name="hcobservation-001"> </a><div style="display: inline-block; background-color: #d9e0e7; padding: 6px; margin: 4px; border: 1px solid #8da1b4; border-radius: 5px; line-height: 60%"><p style="margin-bottom: 0px"/><p style="margin-bottom: 0px">Profile: <a href="StructureDefinition-ng-referral-observation.html">NG Referral Observation</a></p></div><p><b>status</b>: Final</p><p><b>category</b>: <span title="Codes:{http://terminology.hl7.org/CodeSystem/observation-category vital-signs}">Vital Signs</span></p><p><b>code</b>: <span title="Codes:{http://loinc.org 85354-9}">Blood pressure panel with all children optional</span></p><p><b>subject</b>: <code>NgPatient/patient-mnch-001</code></p><p><b>effective</b>: 2025-08-02 09:30:00+0100</p><p><b>performer</b>: <a href="Practitioner/practitioner-012">Practitioner/practitioner-012</a></p><p><b>value</b>: 125 mmHg<span style="background: LightGoldenRodYellow"> (Details: UCUM  codemm[Hg] = 'mm[Hg]')</span></p><p><b>interpretation</b>: <span title="Codes:{http://terminology.hl7.org/CodeSystem/v3-ObservationInterpretation H}">High</span></p><p><b>note</b>: </p><blockquote><div><p>Elevated BP noted. Referral to hospital initiated.</p>
</div></blockquote></div>
  </text>
  <status value="final"/>
  <category>
    <coding>
      <system value="http://terminology.hl7.org/CodeSystem/observation-category"/>
      <code value="vital-signs"/>
    </coding>
  </category>
  <code>
    <coding>
      <system value="http://loinc.org"/>
      <code value="85354-9"/>
      <display value="Blood pressure panel with all children optional"/>
    </coding>
  </code>
  <subject>
    <reference value="NgPatient/patient-mnch-001"/>
  </subject>
  <effectiveDateTime value="2025-08-02T09:30:00+01:00"/>
  <performer>
    <reference value="Practitioner/practitioner-012"/>
  </performer>
  <valueQuantity>
    <value value="125"/>
    <unit value="mmHg"/>
    <system value="http://unitsofmeasure.org"/>
    <code value="mm[Hg]"/>
  </valueQuantity>
  <interpretation>
    <coding>
      <system value="http://terminology.hl7.org/CodeSystem/v3-ObservationInterpretation"/>
      <code value="H"/>
      <display value="High"/>
    </coding>
  </interpretation>
  <note>
    <text value="Elevated BP noted. Referral to hospital initiated."/>
  </note>
</Observation>