<?xml version="1.0" encoding="UTF-8"?><CodeSystem xmlns="http://hl7.org/fhir"><id value="nigeria-languages"/><text><status value="generated"/><div xmlns="http://www.w3.org/1999/xhtml"><p class="res-header-id"><b>Generated Narrative: CodeSystem nigeria-languages</b></p><a name="nigeria-languages"> </a><a name="hcnigeria-languages"> </a><p>This case-sensitive code system <code>https://dhin.org/2025Connectathon/CodeSystem/nigeria-languages</code> defines the following codes in a Grouped By hierarchy:</p><table class="codes"><tr><td style="white-space:nowrap"><b>Code</b></td><td><b>Display</b></td></tr><tr><td style="white-space:nowrap">English<a name="nigeria-languages-English"> </a></td><td>English</td></tr><tr><td style="white-space:nowrap">Pidgin<a name="nigeria-languages-Pidgin"> </a></td><td>Nigerian Pidgin</td></tr><tr><td style="white-space:nowrap">Hausa<a name="nigeria-languages-Hausa"> </a></td><td>Hausa</td></tr><tr><td style="white-space:nowrap">Yoruba<a name="nigeria-languages-Yoruba"> </a></td><td>Yoruba</td></tr><tr><td style="white-space:nowrap">Igbo<a name="nigeria-languages-Igbo"> </a></td><td>Igbo</td></tr><tr><td style="white-space:nowrap">Fulfulde<a name="nigeria-languages-Fulfulde"> </a></td><td>Fulfulde</td></tr><tr><td style="white-space:nowrap">Ibibio<a name="nigeria-languages-Ibibio"> </a></td><td>Ibibio</td></tr><tr><td style="white-space:nowrap">Kanuri<a name="nigeria-languages-Kanuri"> </a></td><td>Kanuri</td></tr><tr><td style="white-space:nowrap">Tiv<a name="nigeria-languages-Tiv"> </a></td><td>Tiv</td></tr><tr><td style="white-space:nowrap">Nupe<a name="nigeria-languages-Nupe"> </a></td><td>Nupe</td></tr><tr><td style="white-space:nowrap">Igala<a name="nigeria-languages-Igala"> </a></td><td>Igala</td></tr><tr><td style="white-space:nowrap">Efik<a name="nigeria-languages-Efik"> </a></td><td>Efik</td></tr><tr><td style="white-space:nowrap">Ijaw<a name="nigeria-languages-Ijaw"> </a></td><td>Ijaw</td></tr><tr><td style="white-space:nowrap">Urhobo<a name="nigeria-languages-Urhobo"> </a></td><td>Urhobo</td></tr><tr><td style="white-space:nowrap">Itsekiri<a name="nigeria-languages-Itsekiri"> </a></td><td>Itsekiri</td></tr><tr><td style="white-space:nowrap">Bini-Edo<a name="nigeria-languages-Bini-Edo"> </a></td><td>Bini (Edo)</td></tr><tr><td style="white-space:nowrap">Ogoni<a name="nigeria-languages-Ogoni"> </a></td><td>Ogoni</td></tr><tr><td style="white-space:nowrap">Esan<a name="nigeria-languages-Esan"> </a></td><td>Esan</td></tr><tr><td style="white-space:nowrap">Ikwerre<a name="nigeria-languages-Ikwerre"> </a></td><td>Ikwerre</td></tr><tr><td style="white-space:nowrap">Idoma<a name="nigeria-languages-Idoma"> </a></td><td>Idoma</td></tr><tr><td style="white-space:nowrap">Ebira<a name="nigeria-languages-Ebira"> </a></td><td>Ebira</td></tr><tr><td style="white-space:nowrap">Hausa-Fulani<a name="nigeria-languages-Hausa-Fulani"> </a></td><td>Hausa-Fulani</td></tr></table></div></text><url value="https://dhin.org/2025Connectathon/CodeSystem/nigeria-languages"/><version value="0.1.0"/><name value="NGLanguagesCS"/><title value="NG‑Imm Languages in Nigeria CS"/><status value="active"/><date value="2025-08-02T13:44:47+01:00"/><publisher value="https://www.dhin-hie.org"/><contact><name value="https://www.dhin-hie.org"/><telecom><system value="url"/><value value="https://www.dhin-hie.org/IGs"/></telecom><telecom><system value="email"/><value value="info@dhin-hie.org"/></telecom></contact><contact><name value="Digital Health Interoperability Network (DHIN)."/><telecom><system value="email"/><value value="info@dhin-hie.org"/><use value="work"/></telecom></contact><description value="This CodeSystem defines codes for major languages spoken across Nigeria."/><jurisdiction><coding><system value="urn:iso:std:iso:3166"/><code value="NG"/><display value="Nigeria"/></coding></jurisdiction><caseSensitive value="true"/><hierarchyMeaning value="grouped-by"/><content value="complete"/><count value="22"/><concept><code value="English"/><display value="English"/><designation><use><system value="http://terminology.hl7.org/CodeSystem/designation-usage"/><code value="display"/></use><value value="English"/></designation><designation><use><system value="http://terminology.hl7.org/CodeSystem/designation-usage"/><code value="display"/></use><value value="English"/></designation></concept><concept><code value="Pidgin"/><display value="Nigerian Pidgin"/><designation><use><system value="http://terminology.hl7.org/CodeSystem/designation-usage"/><code value="display"/></use><value value="Nigerian Pidgin"/></designation><designation><use><system value="http://terminology.hl7.org/CodeSystem/designation-usage"/><code value="display"/></use><value value="Nigerian Pidgin"/></designation></concept><concept><code value="Hausa"/><display value="Hausa"/><designation><use><system value="http://terminology.hl7.org/CodeSystem/designation-usage"/><code value="display"/></use><value value="Hausa"/></designation><designation><use><system value="http://terminology.hl7.org/CodeSystem/designation-usage"/><code value="display"/></use><value value="Hausa"/></designation></concept><concept><code value="Yoruba"/><display value="Yoruba"/><designation><use><system value="http://terminology.hl7.org/CodeSystem/designation-usage"/><code value="display"/></use><value value="Yoruba"/></designation><designation><use><system value="http://terminology.hl7.org/CodeSystem/designation-usage"/><code value="display"/></use><value value="Yoruba"/></designation></concept><concept><code value="Igbo"/><display value="Igbo"/><designation><use><system value="http://terminology.hl7.org/CodeSystem/designation-usage"/><code value="display"/></use><value value="Igbo"/></designation><designation><use><system value="http://terminology.hl7.org/CodeSystem/designation-usage"/><code value="display"/></use><value value="Igbo"/></designation></concept><concept><code value="Fulfulde"/><display value="Fulfulde"/><designation><use><system value="http://terminology.hl7.org/CodeSystem/designation-usage"/><code value="display"/></use><value value="Fulfulde"/></designation><designation><use><system value="http://terminology.hl7.org/CodeSystem/designation-usage"/><code value="display"/></use><value value="Fulfulde"/></designation></concept><concept><code value="Ibibio"/><display value="Ibibio"/><designation><use><system value="http://terminology.hl7.org/CodeSystem/designation-usage"/><code value="display"/></use><value value="Ibibio"/></designation><designation><use><system value="http://terminology.hl7.org/CodeSystem/designation-usage"/><code value="display"/></use><value value="Ibibio"/></designation></concept><concept><code value="Kanuri"/><display value="Kanuri"/><designation><use><system value="http://terminology.hl7.org/CodeSystem/designation-usage"/><code value="display"/></use><value value="Kanuri"/></designation><designation><use><system value="http://terminology.hl7.org/CodeSystem/designation-usage"/><code value="display"/></use><value value="Kanuri"/></designation></concept><concept><code value="Tiv"/><display value="Tiv"/><designation><use><system value="http://terminology.hl7.org/CodeSystem/designation-usage"/><code value="display"/></use><value value="Tiv"/></designation><designation><use><system value="http://terminology.hl7.org/CodeSystem/designation-usage"/><code value="display"/></use><value value="Tiv"/></designation></concept><concept><code value="Nupe"/><display value="Nupe"/><designation><use><system value="http://terminology.hl7.org/CodeSystem/designation-usage"/><code value="display"/></use><value value="Nupe"/></designation><designation><use><system value="http://terminology.hl7.org/CodeSystem/designation-usage"/><code value="display"/></use><value value="Nupe"/></designation></concept><concept><code value="Igala"/><display value="Igala"/><designation><use><system value="http://terminology.hl7.org/CodeSystem/designation-usage"/><code value="display"/></use><value value="Igala"/></designation><designation><use><system value="http://terminology.hl7.org/CodeSystem/designation-usage"/><code value="display"/></use><value value="Igala"/></designation></concept><concept><code value="Efik"/><display value="Efik"/><designation><use><system value="http://terminology.hl7.org/CodeSystem/designation-usage"/><code value="display"/></use><value value="Efik"/></designation><designation><use><system value="http://terminology.hl7.org/CodeSystem/designation-usage"/><code value="display"/></use><value value="Efik"/></designation></concept><concept><code value="Ijaw"/><display value="Ijaw"/><designation><use><system value="http://terminology.hl7.org/CodeSystem/designation-usage"/><code value="display"/></use><value value="Ijaw"/></designation><designation><use><system value="http://terminology.hl7.org/CodeSystem/designation-usage"/><code value="display"/></use><value value="Ijaw"/></designation></concept><concept><code value="Urhobo"/><display value="Urhobo"/><designation><use><system value="http://terminology.hl7.org/CodeSystem/designation-usage"/><code value="display"/></use><value value="Urhobo"/></designation><designation><use><system value="http://terminology.hl7.org/CodeSystem/designation-usage"/><code value="display"/></use><value value="Urhobo"/></designation></concept><concept><code value="Itsekiri"/><display value="Itsekiri"/><designation><use><system value="http://terminology.hl7.org/CodeSystem/designation-usage"/><code value="display"/></use><value value="Itsekiri"/></designation><designation><use><system value="http://terminology.hl7.org/CodeSystem/designation-usage"/><code value="display"/></use><value value="Itsekiri"/></designation></concept><concept><code value="Bini-Edo"/><display value="Bini (Edo)"/><designation><use><system value="http://terminology.hl7.org/CodeSystem/designation-usage"/><code value="display"/></use><value value="Bini (Edo)"/></designation><designation><use><system value="http://terminology.hl7.org/CodeSystem/designation-usage"/><code value="display"/></use><value value="Bini (Edo)"/></designation></concept><concept><code value="Ogoni"/><display value="Ogoni"/><designation><use><system value="http://terminology.hl7.org/CodeSystem/designation-usage"/><code value="display"/></use><value value="Ogoni"/></designation><designation><use><system value="http://terminology.hl7.org/CodeSystem/designation-usage"/><code value="display"/></use><value value="Ogoni"/></designation></concept><concept><code value="Esan"/><display value="Esan"/><designation><use><system value="http://terminology.hl7.org/CodeSystem/designation-usage"/><code value="display"/></use><value value="Esan"/></designation><designation><use><system value="http://terminology.hl7.org/CodeSystem/designation-usage"/><code value="display"/></use><value value="Esan"/></designation></concept><concept><code value="Ikwerre"/><display value="Ikwerre"/><designation><use><system value="http://terminology.hl7.org/CodeSystem/designation-usage"/><code value="display"/></use><value value="Ikwerre"/></designation><designation><use><system value="http://terminology.hl7.org/CodeSystem/designation-usage"/><code value="display"/></use><value value="Ikwerre"/></designation></concept><concept><code value="Idoma"/><display value="Idoma"/><designation><use><system value="http://terminology.hl7.org/CodeSystem/designation-usage"/><code value="display"/></use><value value="Idoma"/></designation><designation><use><system value="http://terminology.hl7.org/CodeSystem/designation-usage"/><code value="display"/></use><value value="Idoma"/></designation></concept><concept><code value="Ebira"/><display value="Ebira"/><designation><use><system value="http://terminology.hl7.org/CodeSystem/designation-usage"/><code value="display"/></use><value value="Ebira"/></designation><designation><use><system value="http://terminology.hl7.org/CodeSystem/designation-usage"/><code value="display"/></use><value value="Ebira"/></designation></concept><concept><code value="Hausa-Fulani"/><display value="Hausa-Fulani"/><designation><use><system value="http://terminology.hl7.org/CodeSystem/designation-usage"/><code value="display"/></use><value value="Hausa-Fulani"/></designation><designation><use><system value="http://terminology.hl7.org/CodeSystem/designation-usage"/><code value="display"/></use><value value="Hausa-Fulani"/></designation></concept></CodeSystem>