<?xml version="1.0" encoding="UTF-8"?><ImplementationGuide xmlns="http://hl7.org/fhir"><id value="2025connectathonReferral"/><text><status value="generated"/><div xmlns="http://www.w3.org/1999/xhtml"><p class="res-header-id"><b>Generated Narrative: ImplementationGuide 2025connectathonReferral</b></p><a name="2025connectathonReferral"> </a><a name="hc2025connectathonReferral"> </a><h2>DHIN2025connectathonReferral</h2><p>The official URL for this implementation guide is: </p><pre>https://dhin.org/2025Connectathon/ImplementationGuide/2025connectathonReferral</pre><div><p>Implementation Guide for testing Referral</p>
</div></div></text><url value="https://dhin.org/2025Connectathon/ImplementationGuide/2025connectathonReferral"/><version value="0.1.0"/><name value="DHIN2025connectathonReferral"/><title value="DHIN 2025 connectathon Referral testing"/><status value="draft"/><date value="2025-08-02T13:44:47+01:00"/><publisher value="https://www.dhin-hie.org"/><contact><name value="https://www.dhin-hie.org"/><telecom><system value="url"/><value value="https://www.dhin-hie.org/IGs"/></telecom><telecom><system value="email"/><value value="info@dhin-hie.org"/></telecom></contact><contact><name value="Digital Health Interoperability Network (DHIN)."/><telecom><system value="email"/><value value="info@dhin-hie.org"/><use value="work"/></telecom></contact><description value="Implementation Guide for testing Referral"/><jurisdiction><coding><system value="urn:iso:std:iso:3166"/><code value="NG"/><display value="Nigeria"/></coding></jurisdiction><packageId value="2025connectathonReferral"/><license value="CC0-1.0"/><fhirVersion value="4.0.1"/><dependsOn id="hl7tx"><extension url="http://hl7.org/fhir/tools/StructureDefinition/implementationguide-dependency-comment"><valueMarkdown value="Automatically added as a dependency - all IGs depend on HL7 Terminology"/></extension><uri value="http://terminology.hl7.org/ImplementationGuide/hl7.terminology"/><packageId value="hl7.terminology.r4"/><version value="6.5.0"/></dependsOn><dependsOn id="hl7ext"><extension url="http://hl7.org/fhir/tools/StructureDefinition/implementationguide-dependency-comment"><valueMarkdown value="Automatically added as a dependency - all IGs depend on the HL7 Extension Pack"/></extension><uri value="http://hl7.org/fhir/extensions/ImplementationGuide/hl7.fhir.uv.extensions"/><packageId value="hl7.fhir.uv.extensions.r4"/><version value="5.3.0-ballot"/></dependsOn><definition><extension url="http://hl7.org/fhir/tools/StructureDefinition/ig-parameter"><extension url="code"><valueString value="copyrightyear"/></extension><extension url="value"><valueString value="2025+"/></extension></extension><extension url="http://hl7.org/fhir/tools/StructureDefinition/ig-parameter"><extension url="code"><valueString value="releaselabel"/></extension><extension url="value"><valueString value="draft"/></extension></extension><extension url="http://hl7.org/fhir/tools/StructureDefinition/ig-parameter"><extension url="code"><valueString value="autoload-resources"/></extension><extension url="value"><valueString value="true"/></extension></extension><extension url="http://hl7.org/fhir/tools/StructureDefinition/ig-parameter"><extension url="code"><valueString value="path-liquid"/></extension><extension url="value"><valueString value="template/liquid"/></extension></extension><extension url="http://hl7.org/fhir/tools/StructureDefinition/ig-parameter"><extension url="code"><valueString value="path-liquid"/></extension><extension url="value"><valueString value="input/liquid"/></extension></extension><extension url="http://hl7.org/fhir/tools/StructureDefinition/ig-parameter"><extension url="code"><valueString value="path-qa"/></extension><extension url="value"><valueString value="temp/qa"/></extension></extension><extension url="http://hl7.org/fhir/tools/StructureDefinition/ig-parameter"><extension url="code"><valueString value="path-temp"/></extension><extension url="value"><valueString value="temp/pages"/></extension></extension><extension url="http://hl7.org/fhir/tools/StructureDefinition/ig-parameter"><extension url="code"><valueString value="path-output"/></extension><extension url="value"><valueString value="output"/></extension></extension><extension url="http://hl7.org/fhir/tools/StructureDefinition/ig-parameter"><extension url="code"><valueString value="path-suppressed-warnings"/></extension><extension url="value"><valueString value="input/ignoreWarnings.txt"/></extension></extension><extension url="http://hl7.org/fhir/tools/StructureDefinition/ig-parameter"><extension url="code"><valueString value="path-history"/></extension><extension url="value"><valueString value="https://dhin.org/2025Connectathon/history.html"/></extension></extension><extension url="http://hl7.org/fhir/tools/StructureDefinition/ig-parameter"><extension url="code"><valueString value="template-html"/></extension><extension url="value"><valueString value="template-page.html"/></extension></extension><extension url="http://hl7.org/fhir/tools/StructureDefinition/ig-parameter"><extension url="code"><valueString value="template-md"/></extension><extension url="value"><valueString value="template-page-md.html"/></extension></extension><extension url="http://hl7.org/fhir/tools/StructureDefinition/ig-parameter"><extension url="code"><valueString value="apply-contact"/></extension><extension url="value"><valueString value="true"/></extension></extension><extension url="http://hl7.org/fhir/tools/StructureDefinition/ig-parameter"><extension url="code"><valueString value="apply-context"/></extension><extension url="value"><valueString value="true"/></extension></extension><extension url="http://hl7.org/fhir/tools/StructureDefinition/ig-parameter"><extension url="code"><valueString value="apply-copyright"/></extension><extension url="value"><valueString value="true"/></extension></extension><extension url="http://hl7.org/fhir/tools/StructureDefinition/ig-parameter"><extension url="code"><valueString value="apply-jurisdiction"/></extension><extension url="value"><valueString value="true"/></extension></extension><extension url="http://hl7.org/fhir/tools/StructureDefinition/ig-parameter"><extension url="code"><valueString value="apply-license"/></extension><extension url="value"><valueString value="true"/></extension></extension><extension url="http://hl7.org/fhir/tools/StructureDefinition/ig-parameter"><extension url="code"><valueString value="apply-publisher"/></extension><extension url="value"><valueString value="true"/></extension></extension><extension url="http://hl7.org/fhir/tools/StructureDefinition/ig-parameter"><extension url="code"><valueString value="apply-version"/></extension><extension url="value"><valueString value="true"/></extension></extension><extension url="http://hl7.org/fhir/tools/StructureDefinition/ig-parameter"><extension url="code"><valueString value="apply-wg"/></extension><extension url="value"><valueString value="true"/></extension></extension><extension url="http://hl7.org/fhir/tools/StructureDefinition/ig-parameter"><extension url="code"><valueString value="active-tables"/></extension><extension url="value"><valueString value="true"/></extension></extension><extension url="http://hl7.org/fhir/tools/StructureDefinition/ig-parameter"><extension url="code"><valueString value="fmm-definition"/></extension><extension url="value"><valueString value="http://hl7.org/fhir/versions.html#maturity"/></extension></extension><extension url="http://hl7.org/fhir/tools/StructureDefinition/ig-parameter"><extension url="code"><valueString value="propagate-status"/></extension><extension url="value"><valueString value="true"/></extension></extension><extension url="http://hl7.org/fhir/tools/StructureDefinition/ig-parameter"><extension url="code"><valueString value="excludelogbinaryformat"/></extension><extension url="value"><valueString value="true"/></extension></extension><extension url="http://hl7.org/fhir/tools/StructureDefinition/ig-parameter"><extension url="code"><valueString value="tabbed-snapshots"/></extension><extension url="value"><valueString value="true"/></extension></extension><extension url="http://hl7.org/fhir/tools/StructureDefinition/ig-internal-dependency"><valueCode value="hl7.fhir.uv.tools.r4#0.7.1"/></extension><extension url="http://hl7.org/fhir/tools/StructureDefinition/ig-parameter"><extension url="code"><valueCode value="copyrightyear"/></extension><extension url="value"><valueString value="2025+"/></extension></extension><extension url="http://hl7.org/fhir/tools/StructureDefinition/ig-parameter"><extension url="code"><valueCode value="releaselabel"/></extension><extension url="value"><valueString value="draft"/></extension></extension><extension url="http://hl7.org/fhir/tools/StructureDefinition/ig-parameter"><extension url="code"><valueCode value="autoload-resources"/></extension><extension url="value"><valueString value="true"/></extension></extension><extension url="http://hl7.org/fhir/tools/StructureDefinition/ig-parameter"><extension url="code"><valueCode value="path-liquid"/></extension><extension url="value"><valueString value="template/liquid"/></extension></extension><extension url="http://hl7.org/fhir/tools/StructureDefinition/ig-parameter"><extension url="code"><valueCode value="path-liquid"/></extension><extension url="value"><valueString value="input/liquid"/></extension></extension><extension url="http://hl7.org/fhir/tools/StructureDefinition/ig-parameter"><extension url="code"><valueCode value="path-qa"/></extension><extension url="value"><valueString value="temp/qa"/></extension></extension><extension url="http://hl7.org/fhir/tools/StructureDefinition/ig-parameter"><extension url="code"><valueCode value="path-temp"/></extension><extension url="value"><valueString value="temp/pages"/></extension></extension><extension url="http://hl7.org/fhir/tools/StructureDefinition/ig-parameter"><extension url="code"><valueCode value="path-output"/></extension><extension url="value"><valueString value="output"/></extension></extension><extension url="http://hl7.org/fhir/tools/StructureDefinition/ig-parameter"><extension url="code"><valueCode value="path-suppressed-warnings"/></extension><extension url="value"><valueString value="input/ignoreWarnings.txt"/></extension></extension><extension url="http://hl7.org/fhir/tools/StructureDefinition/ig-parameter"><extension url="code"><valueCode value="path-history"/></extension><extension url="value"><valueString value="https://dhin.org/2025Connectathon/history.html"/></extension></extension><extension url="http://hl7.org/fhir/tools/StructureDefinition/ig-parameter"><extension url="code"><valueCode value="template-html"/></extension><extension url="value"><valueString value="template-page.html"/></extension></extension><extension url="http://hl7.org/fhir/tools/StructureDefinition/ig-parameter"><extension url="code"><valueCode value="template-md"/></extension><extension url="value"><valueString value="template-page-md.html"/></extension></extension><extension url="http://hl7.org/fhir/tools/StructureDefinition/ig-parameter"><extension url="code"><valueCode value="apply-contact"/></extension><extension url="value"><valueString value="true"/></extension></extension><extension url="http://hl7.org/fhir/tools/StructureDefinition/ig-parameter"><extension url="code"><valueCode value="apply-context"/></extension><extension url="value"><valueString value="true"/></extension></extension><extension url="http://hl7.org/fhir/tools/StructureDefinition/ig-parameter"><extension url="code"><valueCode value="apply-copyright"/></extension><extension url="value"><valueString value="true"/></extension></extension><extension url="http://hl7.org/fhir/tools/StructureDefinition/ig-parameter"><extension url="code"><valueCode value="apply-jurisdiction"/></extension><extension url="value"><valueString value="true"/></extension></extension><extension url="http://hl7.org/fhir/tools/StructureDefinition/ig-parameter"><extension url="code"><valueCode value="apply-license"/></extension><extension url="value"><valueString value="true"/></extension></extension><extension url="http://hl7.org/fhir/tools/StructureDefinition/ig-parameter"><extension url="code"><valueCode value="apply-publisher"/></extension><extension url="value"><valueString value="true"/></extension></extension><extension url="http://hl7.org/fhir/tools/StructureDefinition/ig-parameter"><extension url="code"><valueCode value="apply-version"/></extension><extension url="value"><valueString value="true"/></extension></extension><extension url="http://hl7.org/fhir/tools/StructureDefinition/ig-parameter"><extension url="code"><valueCode value="apply-wg"/></extension><extension url="value"><valueString value="true"/></extension></extension><extension url="http://hl7.org/fhir/tools/StructureDefinition/ig-parameter"><extension url="code"><valueCode value="active-tables"/></extension><extension url="value"><valueString value="true"/></extension></extension><extension url="http://hl7.org/fhir/tools/StructureDefinition/ig-parameter"><extension url="code"><valueCode value="fmm-definition"/></extension><extension url="value"><valueString value="http://hl7.org/fhir/versions.html#maturity"/></extension></extension><extension url="http://hl7.org/fhir/tools/StructureDefinition/ig-parameter"><extension url="code"><valueCode value="propagate-status"/></extension><extension url="value"><valueString value="true"/></extension></extension><extension url="http://hl7.org/fhir/tools/StructureDefinition/ig-parameter"><extension url="code"><valueCode value="excludelogbinaryformat"/></extension><extension url="value"><valueString value="true"/></extension></extension><extension url="http://hl7.org/fhir/tools/StructureDefinition/ig-parameter"><extension url="code"><valueCode value="tabbed-snapshots"/></extension><extension url="value"><valueString value="true"/></extension></extension><extension url="http://hl7.org/fhir/tools/StructureDefinition/ig-parameter"><extension url="code"><valueCode value="copyrightyear"/></extension><extension url="value"><valueString value="2025+"/></extension></extension><extension url="http://hl7.org/fhir/tools/StructureDefinition/ig-parameter"><extension url="code"><valueCode value="releaselabel"/></extension><extension url="value"><valueString value="draft"/></extension></extension><extension url="http://hl7.org/fhir/tools/StructureDefinition/ig-parameter"><extension url="code"><valueCode value="autoload-resources"/></extension><extension url="value"><valueString value="true"/></extension></extension><extension url="http://hl7.org/fhir/tools/StructureDefinition/ig-parameter"><extension url="code"><valueCode value="path-liquid"/></extension><extension url="value"><valueString value="template/liquid"/></extension></extension><extension url="http://hl7.org/fhir/tools/StructureDefinition/ig-parameter"><extension url="code"><valueCode value="path-liquid"/></extension><extension url="value"><valueString value="input/liquid"/></extension></extension><extension url="http://hl7.org/fhir/tools/StructureDefinition/ig-parameter"><extension url="code"><valueCode value="path-qa"/></extension><extension url="value"><valueString value="temp/qa"/></extension></extension><extension url="http://hl7.org/fhir/tools/StructureDefinition/ig-parameter"><extension url="code"><valueCode value="path-temp"/></extension><extension url="value"><valueString value="temp/pages"/></extension></extension><extension url="http://hl7.org/fhir/tools/StructureDefinition/ig-parameter"><extension url="code"><valueCode value="path-output"/></extension><extension url="value"><valueString value="output"/></extension></extension><extension url="http://hl7.org/fhir/tools/StructureDefinition/ig-parameter"><extension url="code"><valueCode value="path-suppressed-warnings"/></extension><extension url="value"><valueString value="input/ignoreWarnings.txt"/></extension></extension><extension url="http://hl7.org/fhir/tools/StructureDefinition/ig-parameter"><extension url="code"><valueCode value="path-history"/></extension><extension url="value"><valueString value="https://dhin.org/2025Connectathon/history.html"/></extension></extension><extension url="http://hl7.org/fhir/tools/StructureDefinition/ig-parameter"><extension url="code"><valueCode value="template-html"/></extension><extension url="value"><valueString value="template-page.html"/></extension></extension><extension url="http://hl7.org/fhir/tools/StructureDefinition/ig-parameter"><extension url="code"><valueCode value="template-md"/></extension><extension url="value"><valueString value="template-page-md.html"/></extension></extension><extension url="http://hl7.org/fhir/tools/StructureDefinition/ig-parameter"><extension url="code"><valueCode value="apply-contact"/></extension><extension url="value"><valueString value="true"/></extension></extension><extension url="http://hl7.org/fhir/tools/StructureDefinition/ig-parameter"><extension url="code"><valueCode value="apply-context"/></extension><extension url="value"><valueString value="true"/></extension></extension><extension url="http://hl7.org/fhir/tools/StructureDefinition/ig-parameter"><extension url="code"><valueCode value="apply-copyright"/></extension><extension url="value"><valueString value="true"/></extension></extension><extension url="http://hl7.org/fhir/tools/StructureDefinition/ig-parameter"><extension url="code"><valueCode value="apply-jurisdiction"/></extension><extension url="value"><valueString value="true"/></extension></extension><extension url="http://hl7.org/fhir/tools/StructureDefinition/ig-parameter"><extension url="code"><valueCode value="apply-license"/></extension><extension url="value"><valueString value="true"/></extension></extension><extension url="http://hl7.org/fhir/tools/StructureDefinition/ig-parameter"><extension url="code"><valueCode value="apply-publisher"/></extension><extension url="value"><valueString value="true"/></extension></extension><extension url="http://hl7.org/fhir/tools/StructureDefinition/ig-parameter"><extension url="code"><valueCode value="apply-version"/></extension><extension url="value"><valueString value="true"/></extension></extension><extension url="http://hl7.org/fhir/tools/StructureDefinition/ig-parameter"><extension url="code"><valueCode value="apply-wg"/></extension><extension url="value"><valueString value="true"/></extension></extension><extension url="http://hl7.org/fhir/tools/StructureDefinition/ig-parameter"><extension url="code"><valueCode value="active-tables"/></extension><extension url="value"><valueString value="true"/></extension></extension><extension url="http://hl7.org/fhir/tools/StructureDefinition/ig-parameter"><extension url="code"><valueCode value="fmm-definition"/></extension><extension url="value"><valueString value="http://hl7.org/fhir/versions.html#maturity"/></extension></extension><extension url="http://hl7.org/fhir/tools/StructureDefinition/ig-parameter"><extension url="code"><valueCode value="propagate-status"/></extension><extension url="value"><valueString value="true"/></extension></extension><extension url="http://hl7.org/fhir/tools/StructureDefinition/ig-parameter"><extension url="code"><valueCode value="excludelogbinaryformat"/></extension><extension url="value"><valueString value="true"/></extension></extension><extension url="http://hl7.org/fhir/tools/StructureDefinition/ig-parameter"><extension url="code"><valueCode value="tabbed-snapshots"/></extension><extension url="value"><valueString value="true"/></extension></extension><grouping id="-str-profile"><name value="Structures: Resource Profiles"/><description value="These define constraints on FHIR resources for systems conforming to this implementation guide."/></grouping><grouping id="-term-valueset"><name value="Terminology: Value Sets"/><description value="These define sets of codes used by systems conforming to this implementation guide."/></grouping><grouping id="-term-codesystem"><name value="Terminology: Code Systems"/><description value="These define new code systems used by systems conforming to this implementation guide."/></grouping><grouping id="-ex-example"><name value="Example: Example Instances"/><description value="These are example instances that show what data produced and consumed by systems conforming with this implementation guide might look like."/></grouping><resource><extension url="http://hl7.org/fhir/tools/StructureDefinition/resource-sort"><valueInteger value="999999999"/></extension><extension url="http://hl7.org/fhir/StructureDefinition/implementationguide-page"><valueUri value="StructureDefinition-ng-bundle-referral-communication.html"/></extension><reference><reference value="StructureDefinition/ng-bundle-referral-communication"/></reference><name value="1-NG-Bundle: Referral Communication"/><description value="Bundle used for ongoing communication between referral parties, including updates, clarifications, and instructions regarding a referral."/><exampleBoolean value="false"/><groupingId value="-str-profile"/></resource><resource><extension url="http://hl7.org/fhir/tools/StructureDefinition/resource-sort"><valueInteger value="999999999"/></extension><extension url="http://hl7.org/fhir/StructureDefinition/implementationguide-page"><valueUri value="StructureDefinition-ng-bundle-referral-initiation.html"/></extension><reference><reference value="StructureDefinition/ng-bundle-referral-initiation"/></reference><name value="2-NG-Bundle: Referral Initiation"/><description value="A bundle used to initiate a referral from one healthcare provider or facility to another, including patient, encounter, reason, communication request, and care plan."/><exampleBoolean value="false"/><groupingId value="-str-profile"/></resource><resource><extension url="http://hl7.org/fhir/tools/StructureDefinition/resource-sort"><valueInteger value="999999999"/></extension><extension url="http://hl7.org/fhir/StructureDefinition/implementationguide-page"><valueUri value="StructureDefinition-ng-bundle-referral-response.html"/></extension><reference><reference value="StructureDefinition/ng-bundle-referral-response"/></reference><name value="3-NG-Bundle: Referral Response"/><description value="Bundle used to respond to a referral, indicating acceptance, triage, feedback, or action taken."/><exampleBoolean value="false"/><groupingId value="-str-profile"/></resource><resource><extension url="http://hl7.org/fhir/tools/StructureDefinition/resource-sort"><valueInteger value="999999999"/></extension><extension url="http://hl7.org/fhir/StructureDefinition/implementationguide-page"><valueUri value="StructureDefinition-ng-bundle-referral-tracking.html"/></extension><reference><reference value="StructureDefinition/ng-bundle-referral-tracking"/></reference><name value="4-NG-Bundle: Referral Tracking"/><description value="Bundle for tracking referral progression, including each encounter, communication, and outcomes related to the referral."/><exampleBoolean value="false"/><groupingId value="-str-profile"/></resource><resource><extension url="http://hl7.org/fhir/tools/StructureDefinition/resource-sort"><valueInteger value="999999999"/></extension><extension url="http://hl7.org/fhir/StructureDefinition/implementationguide-page"><valueUri value="StructureDefinition-ng-audit-event.html"/></extension><reference><reference value="StructureDefinition/ng-audit-event"/></reference><name value="NG AuditEvent"/><description value="A profile for logging access and interactions with health data in Nigeria, such as patient records."/><exampleBoolean value="false"/><groupingId value="-str-profile"/></resource><resource><extension url="http://hl7.org/fhir/tools/StructureDefinition/resource-sort"><valueInteger value="999999999"/></extension><extension url="http://hl7.org/fhir/StructureDefinition/implementationguide-page"><valueUri value="StructureDefinition-ng-communication.html"/></extension><reference><reference value="StructureDefinition/ng-communication"/></reference><name value="NG Communication"/><description value="A profile for recording formal communication exchanges such as notifications, clarifications, or feedback in health service delivery."/><exampleBoolean value="false"/><groupingId value="-str-profile"/></resource><resource><extension url="http://hl7.org/fhir/tools/StructureDefinition/resource-sort"><valueInteger value="999999999"/></extension><extension url="http://hl7.org/fhir/StructureDefinition/implementationguide-page"><valueUri value="StructureDefinition-ng-communication-request.html"/></extension><reference><reference value="StructureDefinition/ng-communication-request"/></reference><name value="NG CommunicationRequest"/><description value="A profile for requesting a communication between healthcare providers, facilities, or clients in support of MNCH or other referral workflows."/><exampleBoolean value="false"/><groupingId value="-str-profile"/></resource><resource><extension url="http://hl7.org/fhir/tools/StructureDefinition/resource-sort"><valueInteger value="999999999"/></extension><extension url="http://hl7.org/fhir/StructureDefinition/implementationguide-page"><valueUri value="StructureDefinition-ng-condition.html"/></extension><reference><reference value="StructureDefinition/ng-condition"/></reference><name value="NG Condition"/><description value="A profile representing the diagnosis or reason for Referral in Nigeria."/><exampleBoolean value="false"/><groupingId value="-str-profile"/></resource><resource><extension url="http://hl7.org/fhir/tools/StructureDefinition/resource-sort"><valueInteger value="999999999"/></extension><extension url="http://hl7.org/fhir/StructureDefinition/implementationguide-page"><valueUri value="StructureDefinition-ng-prescription-encounter.html"/></extension><reference><reference value="StructureDefinition/ng-prescription-encounter"/></reference><name value="NG Encounter"/><description value="A profile representing patient encounters related to Referral."/><exampleBoolean value="false"/><groupingId value="-str-profile"/></resource><resource><extension url="http://hl7.org/fhir/tools/StructureDefinition/resource-sort"><valueInteger value="999999999"/></extension><extension url="http://hl7.org/fhir/StructureDefinition/implementationguide-page"><valueUri value="StructureDefinition-ng-location.html"/></extension><reference><reference value="StructureDefinition/ng-location"/></reference><name value="NG Location"/><description value="A profile representing facility locations such as clinics, wards, or service points in Nigeria."/><exampleBoolean value="false"/><groupingId value="-str-profile"/></resource><resource><extension url="http://hl7.org/fhir/tools/StructureDefinition/resource-sort"><valueInteger value="999999999"/></extension><extension url="http://hl7.org/fhir/StructureDefinition/implementationguide-page"><valueUri value="StructureDefinition-ng-imm-organization.html"/></extension><reference><reference value="StructureDefinition/ng-imm-organization"/></reference><name value="NG Organization"/><description value="An organization profile representing healthcare facilities responsible for health services or other types of organizations."/><exampleBoolean value="false"/><groupingId value="-str-profile"/></resource><resource><extension url="http://hl7.org/fhir/tools/StructureDefinition/resource-sort"><valueInteger value="999999999"/></extension><extension url="http://hl7.org/fhir/StructureDefinition/implementationguide-page"><valueUri value="StructureDefinition-NgPatient.html"/></extension><reference><reference value="StructureDefinition/NgPatient"/></reference><name value="NG Patient"/><description value="Nigeria Patient Profile"/><exampleBoolean value="false"/><groupingId value="-str-profile"/></resource><resource><extension url="http://hl7.org/fhir/tools/StructureDefinition/resource-sort"><valueInteger value="999999999"/></extension><extension url="http://hl7.org/fhir/StructureDefinition/implementationguide-page"><valueUri value="StructureDefinition-NgPractitioner.html"/></extension><reference><reference value="StructureDefinition/NgPractitioner"/></reference><name value="NG Practitioner"/><description value="Profile for a Nigerian Practitioner"/><exampleBoolean value="false"/><groupingId value="-str-profile"/></resource><resource><extension url="http://hl7.org/fhir/tools/StructureDefinition/resource-sort"><valueInteger value="999999999"/></extension><extension url="http://hl7.org/fhir/StructureDefinition/implementationguide-page"><valueUri value="StructureDefinition-ng-provenance.html"/></extension><reference><reference value="StructureDefinition/ng-provenance"/></reference><name value="NG Provenance"/><description value="A profile for capturing metadata about creation or modification of health data in Nigeria, especially for audit and signature purposes."/><exampleBoolean value="false"/><groupingId value="-str-profile"/></resource><resource><extension url="http://hl7.org/fhir/tools/StructureDefinition/resource-sort"><valueInteger value="999999999"/></extension><extension url="http://hl7.org/fhir/StructureDefinition/implementationguide-page"><valueUri value="StructureDefinition-ng-referral-careplan.html"/></extension><reference><reference value="StructureDefinition/ng-referral-careplan"/></reference><name value="NG Referral CarePlan"/><description value="A profile for representing care plans related to MNCH referrals and maternal-child continuity of care."/><exampleBoolean value="false"/><groupingId value="-str-profile"/></resource><resource><extension url="http://hl7.org/fhir/tools/StructureDefinition/resource-sort"><valueInteger value="999999999"/></extension><extension url="http://hl7.org/fhir/StructureDefinition/implementationguide-page"><valueUri value="StructureDefinition-ng-referral-observation.html"/></extension><reference><reference value="StructureDefinition/ng-referral-observation"/></reference><name value="NG Referral Observation"/><description value="An Observation profile used during MNCH referral workflows for capturing vitals and key clinical signs."/><exampleBoolean value="false"/><groupingId value="-str-profile"/></resource><resource><extension url="http://hl7.org/fhir/tools/StructureDefinition/resource-sort"><valueInteger value="999999999"/></extension><extension url="http://hl7.org/fhir/StructureDefinition/implementationguide-page"><valueUri value="StructureDefinition-ng-servicerequest.html"/></extension><reference><reference value="StructureDefinition/ng-servicerequest"/></reference><name value="NG ServiceRequest"/><description value="A simplified profile representing a service request such as a referral or lab request."/><exampleBoolean value="false"/><groupingId value="-str-profile"/></resource><resource><extension url="http://hl7.org/fhir/tools/StructureDefinition/resource-sort"><valueInteger value="999999999"/></extension><extension url="http://hl7.org/fhir/StructureDefinition/implementationguide-page"><valueUri value="StructureDefinition-ng-claim-task.html"/></extension><reference><reference value="StructureDefinition/ng-claim-task"/></reference><name value="NG Task"/><description value="A profile for workflow and task management in ePrescription processing."/><exampleBoolean value="false"/><groupingId value="-str-profile"/></resource><resource><extension url="http://hl7.org/fhir/tools/StructureDefinition/resource-sort"><valueInteger value="999999999"/></extension><extension url="http://hl7.org/fhir/StructureDefinition/implementationguide-page"><valueUri value="ValueSet-nigeria-gender.html"/></extension><reference><reference value="ValueSet/nigeria-gender"/></reference><name value="NG-Imm Gender or Sex VS"/><description value="Subset of HL7 administrative-gender limited to 'male' and 'female'."/><exampleBoolean value="false"/><groupingId value="-term-valueset"/></resource><resource><extension url="http://hl7.org/fhir/tools/StructureDefinition/resource-sort"><valueInteger value="999999999"/></extension><extension url="http://hl7.org/fhir/StructureDefinition/implementationguide-page"><valueUri value="ValueSet-nigeria-facility-types.html"/></extension><reference><reference value="ValueSet/nigeria-facility-types"/></reference><name value="NG-Imm HealthFacility Type VS"/><description value="Classification of Nigerian health facilities"/><exampleBoolean value="false"/><groupingId value="-term-valueset"/></resource><resource><extension url="http://hl7.org/fhir/tools/StructureDefinition/resource-sort"><valueInteger value="999999999"/></extension><extension url="http://hl7.org/fhir/StructureDefinition/implementationguide-page"><valueUri value="ValueSet-nigeria-lgas.html"/></extension><reference><reference value="ValueSet/nigeria-lgas"/></reference><name value="NG-Imm LGAs VS"/><description value="The administrative Local Government Areas where a person or a facility is."/><exampleBoolean value="false"/><groupingId value="-term-valueset"/></resource><resource><extension url="http://hl7.org/fhir/tools/StructureDefinition/resource-sort"><valueInteger value="999999999"/></extension><extension url="http://hl7.org/fhir/StructureDefinition/implementationguide-page"><valueUri value="ValueSet-nigeria-languages.html"/></extension><reference><reference value="ValueSet/nigeria-languages"/></reference><name value="NG-Imm Languages VS"/><description value="The Patient's preferred language for communication."/><exampleBoolean value="false"/><groupingId value="-term-valueset"/></resource><resource><extension url="http://hl7.org/fhir/tools/StructureDefinition/resource-sort"><valueInteger value="999999999"/></extension><extension url="http://hl7.org/fhir/StructureDefinition/implementationguide-page"><valueUri value="ValueSet-nigeria-location-owner.html"/></extension><reference><reference value="ValueSet/nigeria-location-owner"/></reference><name value="NG-Imm Location Owner"/><description value="The owner of an Immunization location"/><exampleBoolean value="false"/><groupingId value="-term-valueset"/></resource><resource><extension url="http://hl7.org/fhir/tools/StructureDefinition/resource-sort"><valueInteger value="999999999"/></extension><extension url="http://hl7.org/fhir/StructureDefinition/implementationguide-page"><valueUri value="ValueSet-nigeria-states.html"/></extension><reference><reference value="ValueSet/nigeria-states"/></reference><name value="NG-Imm States VS"/><description value="The state where a person or a facility is."/><exampleBoolean value="false"/><groupingId value="-term-valueset"/></resource><resource><extension url="http://hl7.org/fhir/tools/StructureDefinition/resource-sort"><valueInteger value="999999999"/></extension><extension url="http://hl7.org/fhir/StructureDefinition/implementationguide-page"><valueUri value="ValueSet-nigeria-wards.html"/></extension><reference><reference value="ValueSet/nigeria-wards"/></reference><name value="NG-Imm Wards VS"/><description value="The administrative Ward (within an LGA) where a person or a facility is."/><exampleBoolean value="false"/><groupingId value="-term-valueset"/></resource><resource><extension url="http://hl7.org/fhir/tools/StructureDefinition/resource-sort"><valueInteger value="999999999"/></extension><extension url="http://hl7.org/fhir/StructureDefinition/implementationguide-page"><valueUri value="CodeSystem-nigeria-wards.html"/></extension><reference><reference value="CodeSystem/nigeria-wards"/></reference><name value="NG-Imm Administrative Wards CS"/><description value="This CodeSystem defines ward codes and names mapped to their respective Local Government Areas (LGAs) in Nigeria."/><exampleBoolean value="false"/><groupingId value="-term-codesystem"/></resource><resource><extension url="http://hl7.org/fhir/tools/StructureDefinition/resource-sort"><valueInteger value="999999999"/></extension><extension url="http://hl7.org/fhir/StructureDefinition/implementationguide-page"><valueUri value="CodeSystem-nigeria-facility-type.html"/></extension><reference><reference value="CodeSystem/nigeria-facility-type"/></reference><name value="NG-Imm Facility Type CS"/><description value="A standardized classification system used to describe the type or level of health facility within a healthcare delivery system, based on the scope of services provided, staffing, infrastructure, and administrative role."/><exampleBoolean value="false"/><groupingId value="-term-codesystem"/></resource><resource><extension url="http://hl7.org/fhir/tools/StructureDefinition/resource-sort"><valueInteger value="999999999"/></extension><extension url="http://hl7.org/fhir/StructureDefinition/implementationguide-page"><valueUri value="CodeSystem-nigeria-gender.html"/></extension><reference><reference value="CodeSystem/nigeria-gender"/></reference><name value="NG-Imm Gender CS"/><description value="The administrative gender of a person."/><exampleBoolean value="false"/><groupingId value="-term-codesystem"/></resource><resource><extension url="http://hl7.org/fhir/tools/StructureDefinition/resource-sort"><valueInteger value="999999999"/></extension><extension url="http://hl7.org/fhir/StructureDefinition/implementationguide-page"><valueUri value="CodeSystem-nigeria-lgas.html"/></extension><reference><reference value="CodeSystem/nigeria-lgas"/></reference><name value="NG-Imm LGAs in Nigeria CS"/><description value="This CodeSystem defines LGA codes and names mapped to their respective States in Nigeria."/><exampleBoolean value="false"/><groupingId value="-term-codesystem"/></resource><resource><extension url="http://hl7.org/fhir/tools/StructureDefinition/resource-sort"><valueInteger value="999999999"/></extension><extension url="http://hl7.org/fhir/StructureDefinition/implementationguide-page"><valueUri value="CodeSystem-nigeria-location-owner-cs.html"/></extension><reference><reference value="CodeSystem/nigeria-location-owner-cs"/></reference><name value="NG-Imm Location Owner CS"/><description value="This CodeSystem defines Immunization Location Owner."/><exampleBoolean value="false"/><groupingId value="-term-codesystem"/></resource><resource><extension url="http://hl7.org/fhir/tools/StructureDefinition/resource-sort"><valueInteger value="999999999"/></extension><extension url="http://hl7.org/fhir/StructureDefinition/implementationguide-page"><valueUri value="CodeSystem-nigeria-states.html"/></extension><reference><reference value="CodeSystem/nigeria-states"/></reference><name value="NG-Imm States in Nigeria CS"/><description value="This CodeSystem defines ward codes and names mapped to their respective States in Nigeria."/><exampleBoolean value="false"/><groupingId value="-term-codesystem"/></resource><resource><extension url="http://hl7.org/fhir/tools/StructureDefinition/resource-sort"><valueInteger value="999999999"/></extension><extension url="http://hl7.org/fhir/StructureDefinition/implementationguide-page"><valueUri value="CodeSystem-nigeria-languages.html"/></extension><reference><reference value="CodeSystem/nigeria-languages"/></reference><name value="NG‑Imm Languages in Nigeria CS"/><description value="This CodeSystem defines codes for major languages spoken across Nigeria."/><exampleBoolean value="false"/><groupingId value="-term-codesystem"/></resource><resource><extension url="http://hl7.org/fhir/tools/StructureDefinition/resource-sort"><valueInteger value="999999999"/></extension><extension url="http://hl7.org/fhir/StructureDefinition/implementationguide-page"><valueUri value="CarePlan-carePlan-001.html"/></extension><reference><reference value="CarePlan/carePlan-001"/></reference><name value="Example: ANC Referral Care Plan"/><description value="Example care plan for a pregnant woman referred to secondary facility for advanced ANC services."/><exampleCanonical value="https://dhin.org/2025Connectathon/StructureDefinition/ng-referral-careplan"/><groupingId value="-ex-example"/></resource><resource><extension url="http://hl7.org/fhir/tools/StructureDefinition/resource-sort"><valueInteger value="999999999"/></extension><extension url="http://hl7.org/fhir/StructureDefinition/implementationguide-page"><valueUri value="CommunicationRequest-communicationrequest-001.html"/></extension><reference><reference value="CommunicationRequest/communicationrequest-001"/></reference><name value="Example: ANC Referral CommunicationRequest"/><description value="A communication request from a primary care provider to a secondary facility for a referral follow-up."/><exampleCanonical value="https://dhin.org/2025Connectathon/StructureDefinition/ng-communication-request"/><groupingId value="-ex-example"/></resource><resource><extension url="http://hl7.org/fhir/tools/StructureDefinition/resource-sort"><valueInteger value="999999999"/></extension><extension url="http://hl7.org/fhir/StructureDefinition/implementationguide-page"><valueUri value="ServiceRequest-servicerequest-001.html"/></extension><reference><reference value="ServiceRequest/servicerequest-001"/></reference><name value="Example: ANC Referral ServiceRequest"/><description value="A service request for ANC referral to a higher-level facility."/><exampleCanonical value="https://dhin.org/2025Connectathon/StructureDefinition/ng-servicerequest"/><groupingId value="-ex-example"/></resource><resource><extension url="http://hl7.org/fhir/tools/StructureDefinition/resource-sort"><valueInteger value="999999999"/></extension><extension url="http://hl7.org/fhir/StructureDefinition/implementationguide-page"><valueUri value="AuditEvent-audit-001.html"/></extension><reference><reference value="AuditEvent/audit-001"/></reference><name value="Example: AuditEvent for Prescription Access"/><description value="An example AuditEvent recording a practitioner viewing an encounter."/><exampleCanonical value="https://dhin.org/2025Connectathon/StructureDefinition/ng-audit-event"/><groupingId value="-ex-example"/></resource><resource><extension url="http://hl7.org/fhir/tools/StructureDefinition/resource-sort"><valueInteger value="999999999"/></extension><extension url="http://hl7.org/fhir/StructureDefinition/implementationguide-page"><valueUri value="Observation-observation-001.html"/></extension><reference><reference value="Observation/observation-001"/></reference><name value="Example: Blood Pressure Observation during MNCH Referral"/><description value="Example observation of systolic and diastolic blood pressure for a patient referred during ANC visit."/><exampleCanonical value="https://dhin.org/2025Connectathon/StructureDefinition/ng-referral-observation"/><groupingId value="-ex-example"/></resource><resource><extension url="http://hl7.org/fhir/tools/StructureDefinition/resource-sort"><valueInteger value="999999999"/></extension><extension url="http://hl7.org/fhir/StructureDefinition/implementationguide-page"><valueUri value="Location-example-location.html"/></extension><reference><reference value="Location/example-location"/></reference><name value="Example: Clinics Location"/><description value="An example location representing a clinic branch."/><exampleCanonical value="https://dhin.org/2025Connectathon/StructureDefinition/ng-location"/><groupingId value="-ex-example"/></resource><resource><extension url="http://hl7.org/fhir/tools/StructureDefinition/resource-sort"><valueInteger value="999999999"/></extension><extension url="http://hl7.org/fhir/StructureDefinition/implementationguide-page"><valueUri value="Communication-communication-001.html"/></extension><reference><reference value="Communication/communication-001"/></reference><name value="Example: Communication from Pharmacy to Prescriber"/><description value="An example communication sent from a pharmacist to a doctor requesting clarification on a prescription."/><exampleCanonical value="https://dhin.org/2025Connectathon/StructureDefinition/ng-communication"/><groupingId value="-ex-example"/></resource><resource><extension url="http://hl7.org/fhir/tools/StructureDefinition/resource-sort"><valueInteger value="999999999"/></extension><extension url="http://hl7.org/fhir/StructureDefinition/implementationguide-page"><valueUri value="Condition-condition-001.html"/></extension><reference><reference value="Condition/condition-001"/></reference><name value="Example: Condition for Referral"/><description value="An example diagnosis of Otitis media related to a Referral."/><exampleCanonical value="https://dhin.org/2025Connectathon/StructureDefinition/ng-condition"/><groupingId value="-ex-example"/></resource><resource><extension url="http://hl7.org/fhir/tools/StructureDefinition/resource-sort"><valueInteger value="999999999"/></extension><extension url="http://hl7.org/fhir/StructureDefinition/implementationguide-page"><valueUri value="Organization-organization-sender.html"/></extension><reference><reference value="Organization/organization-sender"/></reference><name value="Example: Lagos University Teaching Hospital"/><description value="A tertiary-level teaching hospital in Lagos."/><exampleCanonical value="https://dhin.org/2025Connectathon/StructureDefinition/ng-imm-organization"/><groupingId value="-ex-example"/></resource><resource><extension url="http://hl7.org/fhir/tools/StructureDefinition/resource-sort"><valueInteger value="999999999"/></extension><extension url="http://hl7.org/fhir/StructureDefinition/implementationguide-page"><valueUri value="Organization-organization-001.html"/></extension><reference><reference value="Organization/organization-001"/></reference><name value="Example: NG Organization"/><description value="An example of a healthcare facility organization."/><exampleCanonical value="https://dhin.org/2025Connectathon/StructureDefinition/ng-imm-organization"/><groupingId value="-ex-example"/></resource><resource><extension url="http://hl7.org/fhir/tools/StructureDefinition/resource-sort"><valueInteger value="999999999"/></extension><extension url="http://hl7.org/fhir/StructureDefinition/implementationguide-page"><valueUri value="Patient-patient-001.html"/></extension><reference><reference value="Patient/patient-001"/></reference><name value="Example: NG Patient"/><description value="An example instance of a Nigerian patient profile"/><exampleCanonical value="https://dhin.org/2025Connectathon/StructureDefinition/NgPatient"/><groupingId value="-ex-example"/></resource><resource><extension url="http://hl7.org/fhir/tools/StructureDefinition/resource-sort"><valueInteger value="999999999"/></extension><extension url="http://hl7.org/fhir/StructureDefinition/implementationguide-page"><valueUri value="Practitioner-practitioner-001.html"/></extension><reference><reference value="Practitioner/practitioner-001"/></reference><name value="Example: NG Practitioner"/><description value="An example of a Nigerian healthcare practitioner."/><exampleCanonical value="https://dhin.org/2025Connectathon/StructureDefinition/NgPractitioner"/><groupingId value="-ex-example"/></resource><resource><extension url="http://hl7.org/fhir/tools/StructureDefinition/resource-sort"><valueInteger value="999999999"/></extension><extension url="http://hl7.org/fhir/StructureDefinition/implementationguide-page"><valueUri value="Provenance-provenance-001.html"/></extension><reference><reference value="Provenance/provenance-001"/></reference><name value="Example: Provenance of ePrescription"/><description value="An example of provenance capturing the author and timestamp of a prescription."/><exampleCanonical value="https://dhin.org/2025Connectathon/StructureDefinition/ng-provenance"/><groupingId value="-ex-example"/></resource><resource><extension url="http://hl7.org/fhir/tools/StructureDefinition/resource-sort"><valueInteger value="999999999"/></extension><extension url="http://hl7.org/fhir/StructureDefinition/implementationguide-page"><valueUri value="Bundle-referral-communication-bundle-001.html"/></extension><reference><reference value="Bundle/referral-communication-bundle-001"/></reference><name value="Example: Referral Communication Bundle"/><description value="Bundle carrying communication between referring and receiving provider during the referral process."/><exampleCanonical value="https://dhin.org/2025Connectathon/StructureDefinition/ng-bundle-referral-communication"/><groupingId value="-ex-example"/></resource><resource><extension url="http://hl7.org/fhir/tools/StructureDefinition/resource-sort"><valueInteger value="999999999"/></extension><extension url="http://hl7.org/fhir/StructureDefinition/implementationguide-page"><valueUri value="Encounter-encounter-001.html"/></extension><reference><reference value="Encounter/encounter-001"/></reference><name value="Example: Referral Encounter"/><description value="An example encounter related to an referral event."/><exampleCanonical value="https://dhin.org/2025Connectathon/StructureDefinition/ng-prescription-encounter"/><groupingId value="-ex-example"/></resource><resource><extension url="http://hl7.org/fhir/tools/StructureDefinition/resource-sort"><valueInteger value="999999999"/></extension><extension url="http://hl7.org/fhir/StructureDefinition/implementationguide-page"><valueUri value="Bundle-referral-initiation-bundle-001.html"/></extension><reference><reference value="Bundle/referral-initiation-bundle-001"/></reference><name value="Example: Referral Initiation Bundle"/><description value="Bundle to initiate a referral for a high-risk ANC case from PHC to General Hospital."/><exampleCanonical value="https://dhin.org/2025Connectathon/StructureDefinition/ng-bundle-referral-initiation"/><groupingId value="-ex-example"/></resource><resource><extension url="http://hl7.org/fhir/tools/StructureDefinition/resource-sort"><valueInteger value="999999999"/></extension><extension url="http://hl7.org/fhir/StructureDefinition/implementationguide-page"><valueUri value="Bundle-referral-response-bundle-001.html"/></extension><reference><reference value="Bundle/referral-response-bundle-001"/></reference><name value="Example: Referral Response Bundle"/><description value="Bundle example showing a referral response with communication and follow-up details."/><exampleCanonical value="https://dhin.org/2025Connectathon/StructureDefinition/ng-bundle-referral-response"/><groupingId value="-ex-example"/></resource><resource><extension url="http://hl7.org/fhir/tools/StructureDefinition/resource-sort"><valueInteger value="999999999"/></extension><extension url="http://hl7.org/fhir/StructureDefinition/implementationguide-page"><valueUri value="Bundle-referral-tracking-bundle-001.html"/></extension><reference><reference value="Bundle/referral-tracking-bundle-001"/></reference><name value="Example: Referral Tracking Bundle"/><description value="Example bundle capturing a longitudinal view of MNCH referral tracking."/><exampleCanonical value="https://dhin.org/2025Connectathon/StructureDefinition/ng-bundle-referral-tracking"/><groupingId value="-ex-example"/></resource><resource><extension url="http://hl7.org/fhir/tools/StructureDefinition/resource-sort"><valueInteger value="999999999"/></extension><extension url="http://hl7.org/fhir/StructureDefinition/implementationguide-page"><valueUri value="Task-example-claim-task.html"/></extension><reference><reference value="Task/example-claim-task"/></reference><name value="Example: Task for Dispensing Prescription"/><description value="A task representing the assignment to dispense a prescription in an ePrescription workflow."/><exampleCanonical value="https://dhin.org/2025Connectathon/StructureDefinition/ng-claim-task"/><groupingId value="-ex-example"/></resource><resource><extension url="http://hl7.org/fhir/tools/StructureDefinition/resource-sort"><valueInteger value="999999999"/></extension><extension url="http://hl7.org/fhir/StructureDefinition/implementationguide-page"><valueUri value="Organization-organization-receiver.html"/></extension><reference><reference value="Organization/organization-receiver"/></reference><name value="Example: TrustHMO"/><description value="A national HMO licensed under NHIA."/><exampleCanonical value="https://dhin.org/2025Connectathon/StructureDefinition/ng-imm-organization"/><groupingId value="-ex-example"/></resource><page><extension url="http://hl7.org/fhir/tools/StructureDefinition/ig-page-name"><valueUrl value="toc.html"/></extension><nameUrl value="toc.html"/><title value="Table of Contents"/><generation value="html"/><page><extension url="http://hl7.org/fhir/tools/StructureDefinition/ig-page-name"><valueUrl value="index.html"/></extension><nameUrl value="index.html"/><title value="Home"/><generation value="markdown"/></page><page><extension url="http://hl7.org/fhir/tools/StructureDefinition/ig-page-name"><valueUrl value="artifacts.html"/></extension><nameUrl value="artifacts.html"/><title value="Artifacts Summary"/><generation value="html"/><page><extension url="http://hl7.org/fhir/tools/StructureDefinition/ig-page-name"><valueUrl value="StructureDefinition-ng-bundle-referral-communication.html"/></extension><nameUrl value="StructureDefinition-ng-bundle-referral-communication.html"/><title value="1-NG-Bundle: Referral Communication"/><generation value="generated"/></page><page><extension url="http://hl7.org/fhir/tools/StructureDefinition/ig-page-name"><valueUrl value="StructureDefinition-ng-bundle-referral-initiation.html"/></extension><nameUrl value="StructureDefinition-ng-bundle-referral-initiation.html"/><title value="2-NG-Bundle: Referral Initiation"/><generation value="generated"/></page><page><extension url="http://hl7.org/fhir/tools/StructureDefinition/ig-page-name"><valueUrl value="StructureDefinition-ng-bundle-referral-response.html"/></extension><nameUrl value="StructureDefinition-ng-bundle-referral-response.html"/><title value="3-NG-Bundle: Referral Response"/><generation value="generated"/></page><page><extension url="http://hl7.org/fhir/tools/StructureDefinition/ig-page-name"><valueUrl value="StructureDefinition-ng-bundle-referral-tracking.html"/></extension><nameUrl value="StructureDefinition-ng-bundle-referral-tracking.html"/><title value="4-NG-Bundle: Referral Tracking"/><generation value="generated"/></page><page><extension url="http://hl7.org/fhir/tools/StructureDefinition/ig-page-name"><valueUrl value="StructureDefinition-ng-audit-event.html"/></extension><nameUrl value="StructureDefinition-ng-audit-event.html"/><title value="NG AuditEvent"/><generation value="generated"/></page><page><extension url="http://hl7.org/fhir/tools/StructureDefinition/ig-page-name"><valueUrl value="StructureDefinition-ng-communication.html"/></extension><nameUrl value="StructureDefinition-ng-communication.html"/><title value="NG Communication"/><generation value="generated"/></page><page><extension url="http://hl7.org/fhir/tools/StructureDefinition/ig-page-name"><valueUrl value="StructureDefinition-ng-communication-request.html"/></extension><nameUrl value="StructureDefinition-ng-communication-request.html"/><title value="NG CommunicationRequest"/><generation value="generated"/></page><page><extension url="http://hl7.org/fhir/tools/StructureDefinition/ig-page-name"><valueUrl value="StructureDefinition-ng-condition.html"/></extension><nameUrl value="StructureDefinition-ng-condition.html"/><title value="NG Condition"/><generation value="generated"/></page><page><extension url="http://hl7.org/fhir/tools/StructureDefinition/ig-page-name"><valueUrl value="StructureDefinition-ng-prescription-encounter.html"/></extension><nameUrl value="StructureDefinition-ng-prescription-encounter.html"/><title value="NG Encounter"/><generation value="generated"/></page><page><extension url="http://hl7.org/fhir/tools/StructureDefinition/ig-page-name"><valueUrl value="StructureDefinition-ng-location.html"/></extension><nameUrl value="StructureDefinition-ng-location.html"/><title value="NG Location"/><generation value="generated"/></page><page><extension url="http://hl7.org/fhir/tools/StructureDefinition/ig-page-name"><valueUrl value="StructureDefinition-ng-imm-organization.html"/></extension><nameUrl value="StructureDefinition-ng-imm-organization.html"/><title value="NG Organization"/><generation value="generated"/></page><page><extension url="http://hl7.org/fhir/tools/StructureDefinition/ig-page-name"><valueUrl value="StructureDefinition-NgPatient.html"/></extension><nameUrl value="StructureDefinition-NgPatient.html"/><title value="NG Patient"/><generation value="generated"/></page><page><extension url="http://hl7.org/fhir/tools/StructureDefinition/ig-page-name"><valueUrl value="StructureDefinition-NgPractitioner.html"/></extension><nameUrl value="StructureDefinition-NgPractitioner.html"/><title value="NG Practitioner"/><generation value="generated"/></page><page><extension url="http://hl7.org/fhir/tools/StructureDefinition/ig-page-name"><valueUrl value="StructureDefinition-ng-provenance.html"/></extension><nameUrl value="StructureDefinition-ng-provenance.html"/><title value="NG Provenance"/><generation value="generated"/></page><page><extension url="http://hl7.org/fhir/tools/StructureDefinition/ig-page-name"><valueUrl value="StructureDefinition-ng-referral-careplan.html"/></extension><nameUrl value="StructureDefinition-ng-referral-careplan.html"/><title value="NG Referral CarePlan"/><generation value="generated"/></page><page><extension url="http://hl7.org/fhir/tools/StructureDefinition/ig-page-name"><valueUrl value="StructureDefinition-ng-referral-observation.html"/></extension><nameUrl value="StructureDefinition-ng-referral-observation.html"/><title value="NG Referral Observation"/><generation value="generated"/></page><page><extension url="http://hl7.org/fhir/tools/StructureDefinition/ig-page-name"><valueUrl value="StructureDefinition-ng-servicerequest.html"/></extension><nameUrl value="StructureDefinition-ng-servicerequest.html"/><title value="NG ServiceRequest"/><generation value="generated"/></page><page><extension url="http://hl7.org/fhir/tools/StructureDefinition/ig-page-name"><valueUrl value="StructureDefinition-ng-claim-task.html"/></extension><nameUrl value="StructureDefinition-ng-claim-task.html"/><title value="NG Task"/><generation value="generated"/></page><page><extension url="http://hl7.org/fhir/tools/StructureDefinition/ig-page-name"><valueUrl value="ValueSet-nigeria-gender.html"/></extension><nameUrl value="ValueSet-nigeria-gender.html"/><title value="NG-Imm Gender or Sex VS"/><generation value="generated"/></page><page><extension url="http://hl7.org/fhir/tools/StructureDefinition/ig-page-name"><valueUrl value="ValueSet-nigeria-facility-types.html"/></extension><nameUrl value="ValueSet-nigeria-facility-types.html"/><title value="NG-Imm HealthFacility Type VS"/><generation value="generated"/></page><page><extension url="http://hl7.org/fhir/tools/StructureDefinition/ig-page-name"><valueUrl value="ValueSet-nigeria-languages.html"/></extension><nameUrl value="ValueSet-nigeria-languages.html"/><title value="NG-Imm Languages VS"/><generation value="generated"/></page><page><extension url="http://hl7.org/fhir/tools/StructureDefinition/ig-page-name"><valueUrl value="ValueSet-nigeria-lgas.html"/></extension><nameUrl value="ValueSet-nigeria-lgas.html"/><title value="NG-Imm LGAs VS"/><generation value="generated"/></page><page><extension url="http://hl7.org/fhir/tools/StructureDefinition/ig-page-name"><valueUrl value="ValueSet-nigeria-location-owner.html"/></extension><nameUrl value="ValueSet-nigeria-location-owner.html"/><title value="NG-Imm Location Owner"/><generation value="generated"/></page><page><extension url="http://hl7.org/fhir/tools/StructureDefinition/ig-page-name"><valueUrl value="ValueSet-nigeria-states.html"/></extension><nameUrl value="ValueSet-nigeria-states.html"/><title value="NG-Imm States VS"/><generation value="generated"/></page><page><extension url="http://hl7.org/fhir/tools/StructureDefinition/ig-page-name"><valueUrl value="ValueSet-nigeria-wards.html"/></extension><nameUrl value="ValueSet-nigeria-wards.html"/><title value="NG-Imm Wards VS"/><generation value="generated"/></page><page><extension url="http://hl7.org/fhir/tools/StructureDefinition/ig-page-name"><valueUrl value="CodeSystem-nigeria-wards.html"/></extension><nameUrl value="CodeSystem-nigeria-wards.html"/><title value="NG-Imm Administrative Wards CS"/><generation value="generated"/></page><page><extension url="http://hl7.org/fhir/tools/StructureDefinition/ig-page-name"><valueUrl value="CodeSystem-nigeria-facility-type.html"/></extension><nameUrl value="CodeSystem-nigeria-facility-type.html"/><title value="NG-Imm Facility Type CS"/><generation value="generated"/></page><page><extension url="http://hl7.org/fhir/tools/StructureDefinition/ig-page-name"><valueUrl value="CodeSystem-nigeria-gender.html"/></extension><nameUrl value="CodeSystem-nigeria-gender.html"/><title value="NG-Imm Gender CS"/><generation value="generated"/></page><page><extension url="http://hl7.org/fhir/tools/StructureDefinition/ig-page-name"><valueUrl value="CodeSystem-nigeria-lgas.html"/></extension><nameUrl value="CodeSystem-nigeria-lgas.html"/><title value="NG-Imm LGAs in Nigeria CS"/><generation value="generated"/></page><page><extension url="http://hl7.org/fhir/tools/StructureDefinition/ig-page-name"><valueUrl value="CodeSystem-nigeria-location-owner-cs.html"/></extension><nameUrl value="CodeSystem-nigeria-location-owner-cs.html"/><title value="NG-Imm Location Owner CS"/><generation value="generated"/></page><page><extension url="http://hl7.org/fhir/tools/StructureDefinition/ig-page-name"><valueUrl value="CodeSystem-nigeria-states.html"/></extension><nameUrl value="CodeSystem-nigeria-states.html"/><title value="NG-Imm States in Nigeria CS"/><generation value="generated"/></page><page><extension url="http://hl7.org/fhir/tools/StructureDefinition/ig-page-name"><valueUrl value="CodeSystem-nigeria-languages.html"/></extension><nameUrl value="CodeSystem-nigeria-languages.html"/><title value="NG‑Imm Languages in Nigeria CS"/><generation value="generated"/></page><page><extension url="http://hl7.org/fhir/tools/StructureDefinition/ig-page-name"><valueUrl value="CarePlan-carePlan-001.html"/></extension><nameUrl value="CarePlan-carePlan-001.html"/><title value="Example: ANC Referral Care Plan"/><generation value="generated"/></page><page><extension url="http://hl7.org/fhir/tools/StructureDefinition/ig-page-name"><valueUrl value="CommunicationRequest-communicationrequest-001.html"/></extension><nameUrl value="CommunicationRequest-communicationrequest-001.html"/><title value="Example: ANC Referral CommunicationRequest"/><generation value="generated"/></page><page><extension url="http://hl7.org/fhir/tools/StructureDefinition/ig-page-name"><valueUrl value="ServiceRequest-servicerequest-001.html"/></extension><nameUrl value="ServiceRequest-servicerequest-001.html"/><title value="Example: ANC Referral ServiceRequest"/><generation value="generated"/></page><page><extension url="http://hl7.org/fhir/tools/StructureDefinition/ig-page-name"><valueUrl value="AuditEvent-audit-001.html"/></extension><nameUrl value="AuditEvent-audit-001.html"/><title value="Example: AuditEvent for Prescription Access"/><generation value="generated"/></page><page><extension url="http://hl7.org/fhir/tools/StructureDefinition/ig-page-name"><valueUrl value="Observation-observation-001.html"/></extension><nameUrl value="Observation-observation-001.html"/><title value="Example: Blood Pressure Observation during MNCH Referral"/><generation value="generated"/></page><page><extension url="http://hl7.org/fhir/tools/StructureDefinition/ig-page-name"><valueUrl value="Location-example-location.html"/></extension><nameUrl value="Location-example-location.html"/><title value="Example: Clinics Location"/><generation value="generated"/></page><page><extension url="http://hl7.org/fhir/tools/StructureDefinition/ig-page-name"><valueUrl value="Communication-communication-001.html"/></extension><nameUrl value="Communication-communication-001.html"/><title value="Example: Communication from Pharmacy to Prescriber"/><generation value="generated"/></page><page><extension url="http://hl7.org/fhir/tools/StructureDefinition/ig-page-name"><valueUrl value="Condition-condition-001.html"/></extension><nameUrl value="Condition-condition-001.html"/><title value="Example: Condition for Referral"/><generation value="generated"/></page><page><extension url="http://hl7.org/fhir/tools/StructureDefinition/ig-page-name"><valueUrl value="Organization-organization-sender.html"/></extension><nameUrl value="Organization-organization-sender.html"/><title value="Example: Lagos University Teaching Hospital"/><generation value="generated"/></page><page><extension url="http://hl7.org/fhir/tools/StructureDefinition/ig-page-name"><valueUrl value="Organization-organization-001.html"/></extension><nameUrl value="Organization-organization-001.html"/><title value="Example: NG Organization"/><generation value="generated"/></page><page><extension url="http://hl7.org/fhir/tools/StructureDefinition/ig-page-name"><valueUrl value="Patient-patient-001.html"/></extension><nameUrl value="Patient-patient-001.html"/><title value="Example: NG Patient"/><generation value="generated"/></page><page><extension url="http://hl7.org/fhir/tools/StructureDefinition/ig-page-name"><valueUrl value="Practitioner-practitioner-001.html"/></extension><nameUrl value="Practitioner-practitioner-001.html"/><title value="Example: NG Practitioner"/><generation value="generated"/></page><page><extension url="http://hl7.org/fhir/tools/StructureDefinition/ig-page-name"><valueUrl value="Provenance-provenance-001.html"/></extension><nameUrl value="Provenance-provenance-001.html"/><title value="Example: Provenance of ePrescription"/><generation value="generated"/></page><page><extension url="http://hl7.org/fhir/tools/StructureDefinition/ig-page-name"><valueUrl value="Bundle-referral-communication-bundle-001.html"/></extension><nameUrl value="Bundle-referral-communication-bundle-001.html"/><title value="Example: Referral Communication Bundle"/><generation value="generated"/></page><page><extension url="http://hl7.org/fhir/tools/StructureDefinition/ig-page-name"><valueUrl value="Encounter-encounter-001.html"/></extension><nameUrl value="Encounter-encounter-001.html"/><title value="Example: Referral Encounter"/><generation value="generated"/></page><page><extension url="http://hl7.org/fhir/tools/StructureDefinition/ig-page-name"><valueUrl value="Bundle-referral-initiation-bundle-001.html"/></extension><nameUrl value="Bundle-referral-initiation-bundle-001.html"/><title value="Example: Referral Initiation Bundle"/><generation value="generated"/></page><page><extension url="http://hl7.org/fhir/tools/StructureDefinition/ig-page-name"><valueUrl value="Bundle-referral-response-bundle-001.html"/></extension><nameUrl value="Bundle-referral-response-bundle-001.html"/><title value="Example: Referral Response Bundle"/><generation value="generated"/></page><page><extension url="http://hl7.org/fhir/tools/StructureDefinition/ig-page-name"><valueUrl value="Bundle-referral-tracking-bundle-001.html"/></extension><nameUrl value="Bundle-referral-tracking-bundle-001.html"/><title value="Example: Referral Tracking Bundle"/><generation value="generated"/></page><page><extension url="http://hl7.org/fhir/tools/StructureDefinition/ig-page-name"><valueUrl value="Task-example-claim-task.html"/></extension><nameUrl value="Task-example-claim-task.html"/><title value="Example: Task for Dispensing Prescription"/><generation value="generated"/></page><page><extension url="http://hl7.org/fhir/tools/StructureDefinition/ig-page-name"><valueUrl value="Organization-organization-receiver.html"/></extension><nameUrl value="Organization-organization-receiver.html"/><title value="Example: TrustHMO"/><generation value="generated"/></page></page></page><parameter><code value="path-resource"/><value value="input/capabilities"/></parameter><parameter><code value="path-resource"/><value value="input/examples"/></parameter><parameter><code value="path-resource"/><value value="input/extensions"/></parameter><parameter><code value="path-resource"/><value value="input/models"/></parameter><parameter><code value="path-resource"/><value value="input/operations"/></parameter><parameter><code value="path-resource"/><value value="input/profiles"/></parameter><parameter><code value="path-resource"/><value value="input/resources"/></parameter><parameter><code value="path-resource"/><value value="input/vocabulary"/></parameter><parameter><code value="path-resource"/><value value="input/maps"/></parameter><parameter><code value="path-resource"/><value value="input/testing"/></parameter><parameter><code value="path-resource"/><value value="input/history"/></parameter><parameter><code value="path-resource"/><value value="fsh-generated/resources"/></parameter><parameter><code value="path-pages"/><value value="template/config"/></parameter><parameter><code value="path-pages"/><value value="input/images"/></parameter><parameter><code value="path-tx-cache"/><value value="input-cache/txcache"/></parameter></definition></ImplementationGuide>