<?xml version="1.0" encoding="UTF-8"?>

<Location xmlns="http://hl7.org/fhir">
  <id value="example-location"/>
  <meta>
    <profile value="https://dhin.org/2025Connectathon/StructureDefinition/ng-location"/>
  </meta>
  <text>
    <status value="generated"/><div xmlns="http://www.w3.org/1999/xhtml"><p class="res-header-id"><b>Generated Narrative: Location example-location</b></p><a name="example-location"> </a><a name="hcexample-location"> </a><div style="display: inline-block; background-color: #d9e0e7; padding: 6px; margin: 4px; border: 1px solid #8da1b4; border-radius: 5px; line-height: 60%"><p style="margin-bottom: 0px"/><p style="margin-bottom: 0px">Profile: <a href="StructureDefinition-ng-location.html">NG Location</a></p></div><p><b>status</b>: Active</p><p><b>name</b>: Gwagwalada Community clinic</p><p><b>description</b>: Primary community clinic branch serving Gwagwalada area</p><p><b>mode</b>: Instance</p><p><b>type</b>: <span title="Codes:{http://terminology.hl7.org/CodeSystem/v3-RoleCode PHARM}">clinic</span></p><p><b>address</b>: Plot 10 Zuba Road Gwagwalada FCT NG </p></div>
  </text>
  <status value="active"/>
  <name value="Gwagwalada Community clinic"/>
  <description value="Primary community clinic branch serving Gwagwalada area"/>
  <mode value="instance"/>
  <type>
    <coding>
      <system value="http://terminology.hl7.org/CodeSystem/v3-RoleCode"/>
      <code value="PHARM"/>
      <display value="clinic"/>
    </coding>
  </type>
  <address>
    <line value="Plot 10 Zuba Road"/>
    <city value="Gwagwalada"/>
    <district value="gwagwalada"/>
    <state value="FCT"/>
    <country value="NG"/>
  </address>
</Location>