{
  "resourceType" : "Observation",
  "id" : "observation-001",
  "meta" : {
    "profile" : ["https://dhin.org/2025Connectathon/StructureDefinition/ng-referral-observation"]
  },
  "text" : {
    "status" : "generated",
    "div" : "<div xmlns=\"http://www.w3.org/1999/xhtml\"><p class=\"res-header-id\"><b>Generated Narrative: Observation observation-001</b></p><a name=\"observation-001\"> </a><a name=\"hcobservation-001\"> </a><div style=\"display: inline-block; background-color: #d9e0e7; padding: 6px; margin: 4px; border: 1px solid #8da1b4; border-radius: 5px; line-height: 60%\"><p style=\"margin-bottom: 0px\"/><p style=\"margin-bottom: 0px\">Profile: <a href=\"StructureDefinition-ng-referral-observation.html\">NG Referral Observation</a></p></div><p><b>status</b>: Final</p><p><b>category</b>: <span title=\"Codes:{http://terminology.hl7.org/CodeSystem/observation-category vital-signs}\">Vital Signs</span></p><p><b>code</b>: <span title=\"Codes:{http://loinc.org 85354-9}\">Blood pressure panel with all children optional</span></p><p><b>subject</b>: <code>NgPatient/patient-mnch-001</code></p><p><b>effective</b>: 2025-08-02 09:30:00+0100</p><p><b>performer</b>: <a href=\"Practitioner/practitioner-012\">Practitioner/practitioner-012</a></p><p><b>value</b>: 125 mmHg<span style=\"background: LightGoldenRodYellow\"> (Details: UCUM  codemm[Hg] = 'mm[Hg]')</span></p><p><b>interpretation</b>: <span title=\"Codes:{http://terminology.hl7.org/CodeSystem/v3-ObservationInterpretation H}\">High</span></p><p><b>note</b>: </p><blockquote><div><p>Elevated BP noted. Referral to hospital initiated.</p>\n</div></blockquote></div>"
  },
  "status" : "final",
  "category" : [{
    "coding" : [{
      "system" : "http://terminology.hl7.org/CodeSystem/observation-category",
      "code" : "vital-signs"
    }]
  }],
  "code" : {
    "coding" : [{
      "system" : "http://loinc.org",
      "code" : "85354-9",
      "display" : "Blood pressure panel with all children optional"
    }]
  },
  "subject" : {
    "reference" : "NgPatient/patient-mnch-001"
  },
  "effectiveDateTime" : "2025-08-02T09:30:00+01:00",
  "performer" : [{
    "reference" : "Practitioner/practitioner-012"
  }],
  "valueQuantity" : {
    "value" : 125,
    "unit" : "mmHg",
    "system" : "http://unitsofmeasure.org",
    "code" : "mm[Hg]"
  },
  "interpretation" : [{
    "coding" : [{
      "system" : "http://terminology.hl7.org/CodeSystem/v3-ObservationInterpretation",
      "code" : "H",
      "display" : "High"
    }]
  }],
  "note" : [{
    "text" : "Elevated BP noted. Referral to hospital initiated."
  }]
}