<?xml version="1.0" encoding="UTF-8"?>

<Organization xmlns="http://hl7.org/fhir">
  <id value="organization-sender"/>
  <meta>
    <profile value="https://dhin.org/2025Connectathon/StructureDefinition/ng-imm-organization"/>
  </meta>
  <text>
    <status value="generated"/><div xmlns="http://www.w3.org/1999/xhtml"><p class="res-header-id"><b>Generated Narrative: Organization organization-sender</b></p><a name="organization-sender"> </a><a name="hcorganization-sender"> </a><div style="display: inline-block; background-color: #d9e0e7; padding: 6px; margin: 4px; border: 1px solid #8da1b4; border-radius: 5px; line-height: 60%"><p style="margin-bottom: 0px"/><p style="margin-bottom: 0px">Profile: <a href="StructureDefinition-ng-imm-organization.html">NG Organization</a></p></div><p><b>identifier</b>: <code>https://fmoh.gov.ng</code>/LUTH001</p><p><b>active</b>: true</p><p><b>type</b>: <span title="Codes:{http://terminology.hl7.org/CodeSystem/organization-type prov}">Healthcare Provider</span></p><p><b>name</b>: Lagos University Teaching Hospital</p><p><b>telecom</b>: <a href="tel:+234-8030000001">+234-8030000001</a></p><p><b>address</b>: Idi-Araba, Surulere Lagos lagos </p></div>
  </text>
  <identifier>
    <system value="https://fmoh.gov.ng"/>
    <value value="LUTH001"/>
  </identifier>
  <active value="true"/>
  <type>
    <coding>
      <system value="http://terminology.hl7.org/CodeSystem/organization-type"/>
      <code value="prov"/>
      <display value="Healthcare Provider"/>
    </coding>
  </type>
  <name value="Lagos University Teaching Hospital"/>
  <telecom>
    <system value="phone"/>
    <value value="+234-8030000001"/>
  </telecom>
  <address>
    <line value="Idi-Araba, Surulere"/>
    <city value="Lagos"/>
    <district value="surulere"/>
    <state value="lagos"/>
  </address>
</Organization>