{
  "resourceType" : "Organization",
  "id" : "organization-receiver",
  "meta" : {
    "profile" : ["https://dhin.org/2025Connectathon/StructureDefinition/ng-imm-organization"]
  },
  "text" : {
    "status" : "generated",
    "div" : "<div xmlns=\"http://www.w3.org/1999/xhtml\"><p class=\"res-header-id\"><b>Generated Narrative: Organization organization-receiver</b></p><a name=\"organization-receiver\"> </a><a name=\"hcorganization-receiver\"> </a><div style=\"display: inline-block; background-color: #d9e0e7; padding: 6px; margin: 4px; border: 1px solid #8da1b4; border-radius: 5px; line-height: 60%\"><p style=\"margin-bottom: 0px\"/><p style=\"margin-bottom: 0px\">Profile: <a href=\"StructureDefinition-ng-imm-organization.html\">NG Organization</a></p></div><p><b>identifier</b>: <code>https://nhia.gov.ng</code>/TRUSTHMO2025</p><p><b>active</b>: true</p><p><b>type</b>: <span title=\"Codes:{http://terminology.hl7.org/CodeSystem/organization-type pay}\">Payer</span></p><p><b>name</b>: TrustHMO Limited</p><p><b>telecom</b>: <a href=\"mailto:info@trusthmo.ng\">info@trusthmo.ng</a></p><p><b>address</b>: 15 Surulere Street Abuja fct </p></div>"
  },
  "identifier" : [{
    "system" : "https://nhia.gov.ng",
    "value" : "TRUSTHMO2025"
  }],
  "active" : true,
  "type" : [{
    "coding" : [{
      "system" : "http://terminology.hl7.org/CodeSystem/organization-type",
      "code" : "pay",
      "display" : "Payer"
    }]
  }],
  "name" : "TrustHMO Limited",
  "telecom" : [{
    "system" : "email",
    "value" : "info@trusthmo.ng"
  }],
  "address" : [{
    "line" : ["15 Surulere Street"],
    "city" : "Abuja",
    "district" : "amac",
    "state" : "fct"
  }]
}