{"resourceType":"ImplementationGuide","id":"2025connectathonReferral","text":{"status":"generated","div":"<div xmlns=\"http://www.w3.org/1999/xhtml\"><p class=\"res-header-id\"><b>Generated Narrative: ImplementationGuide 2025connectathonReferral</b></p><a name=\"2025connectathonReferral\"> </a><a name=\"hc2025connectathonReferral\"> </a><h2>DHIN2025connectathonReferral</h2><p>The official URL for this implementation guide is: </p><pre>https://dhin.org/2025Connectathon/ImplementationGuide/2025connectathonReferral</pre><div><p>Implementation Guide for testing Referral</p>\n</div></div>"},"url":"https://dhin.org/2025Connectathon/ImplementationGuide/2025connectathonReferral","version":"0.1.0","name":"DHIN2025connectathonReferral","title":"DHIN 2025 connectathon Referral testing","status":"draft","date":"2025-08-02T13:44:47+01:00","publisher":"https://www.dhin-hie.org","contact":[{"name":"https://www.dhin-hie.org","telecom":[{"system":"url","value":"https://www.dhin-hie.org/IGs"},{"system":"email","value":"info@dhin-hie.org"}]},{"name":"Digital Health Interoperability Network (DHIN).","telecom":[{"system":"email","value":"info@dhin-hie.org","use":"work"}]}],"description":"Implementation Guide for testing Referral","jurisdiction":[{"coding":[{"system":"urn:iso:std:iso:3166","code":"NG","display":"Nigeria"}]}],"packageId":"2025connectathonReferral","license":"CC0-1.0","fhirVersion":["4.0.1"],"dependsOn":[{"id":"hl7tx","extension":[{"url":"http://hl7.org/fhir/tools/StructureDefinition/implementationguide-dependency-comment","valueMarkdown":"Automatically added as a dependency - all IGs depend on HL7 Terminology"}],"uri":"http://terminology.hl7.org/ImplementationGuide/hl7.terminology","packageId":"hl7.terminology.r4","version":"6.5.0"},{"id":"hl7ext","extension":[{"url":"http://hl7.org/fhir/tools/StructureDefinition/implementationguide-dependency-comment","valueMarkdown":"Automatically added as a dependency - all IGs depend on the HL7 Extension Pack"}],"uri":"http://hl7.org/fhir/extensions/ImplementationGuide/hl7.fhir.uv.extensions","packageId":"hl7.fhir.uv.extensions.r4","version":"5.3.0-ballot"}],"definition":{"extension":[{"extension":[{"url":"code","valueString":"copyrightyear"},{"url":"value","valueString":"2025+"}],"url":"http://hl7.org/fhir/tools/StructureDefinition/ig-parameter"},{"extension":[{"url":"code","valueString":"releaselabel"},{"url":"value","valueString":"draft"}],"url":"http://hl7.org/fhir/tools/StructureDefinition/ig-parameter"},{"extension":[{"url":"code","valueString":"autoload-resources"},{"url":"value","valueString":"true"}],"url":"http://hl7.org/fhir/tools/StructureDefinition/ig-parameter"},{"extension":[{"url":"code","valueString":"path-liquid"},{"url":"value","valueString":"template/liquid"}],"url":"http://hl7.org/fhir/tools/StructureDefinition/ig-parameter"},{"extension":[{"url":"code","valueString":"path-liquid"},{"url":"value","valueString":"input/liquid"}],"url":"http://hl7.org/fhir/tools/StructureDefinition/ig-parameter"},{"extension":[{"url":"code","valueString":"path-qa"},{"url":"value","valueString":"temp/qa"}],"url":"http://hl7.org/fhir/tools/StructureDefinition/ig-parameter"},{"extension":[{"url":"code","valueString":"path-temp"},{"url":"value","valueString":"temp/pages"}],"url":"http://hl7.org/fhir/tools/StructureDefinition/ig-parameter"},{"extension":[{"url":"code","valueString":"path-output"},{"url":"value","valueString":"output"}],"url":"http://hl7.org/fhir/tools/StructureDefinition/ig-parameter"},{"extension":[{"url":"code","valueString":"path-suppressed-warnings"},{"url":"value","valueString":"input/ignoreWarnings.txt"}],"url":"http://hl7.org/fhir/tools/StructureDefinition/ig-parameter"},{"extension":[{"url":"code","valueString":"path-history"},{"url":"value","valueString":"https://dhin.org/2025Connectathon/history.html"}],"url":"http://hl7.org/fhir/tools/StructureDefinition/ig-parameter"},{"extension":[{"url":"code","valueString":"template-html"},{"url":"value","valueString":"template-page.html"}],"url":"http://hl7.org/fhir/tools/StructureDefinition/ig-parameter"},{"extension":[{"url":"code","valueString":"template-md"},{"url":"value","valueString":"template-page-md.html"}],"url":"http://hl7.org/fhir/tools/StructureDefinition/ig-parameter"},{"extension":[{"url":"code","valueString":"apply-contact"},{"url":"value","valueString":"true"}],"url":"http://hl7.org/fhir/tools/StructureDefinition/ig-parameter"},{"extension":[{"url":"code","valueString":"apply-context"},{"url":"value","valueString":"true"}],"url":"http://hl7.org/fhir/tools/StructureDefinition/ig-parameter"},{"extension":[{"url":"code","valueString":"apply-copyright"},{"url":"value","valueString":"true"}],"url":"http://hl7.org/fhir/tools/StructureDefinition/ig-parameter"},{"extension":[{"url":"code","valueString":"apply-jurisdiction"},{"url":"value","valueString":"true"}],"url":"http://hl7.org/fhir/tools/StructureDefinition/ig-parameter"},{"extension":[{"url":"code","valueString":"apply-license"},{"url":"value","valueString":"true"}],"url":"http://hl7.org/fhir/tools/StructureDefinition/ig-parameter"},{"extension":[{"url":"code","valueString":"apply-publisher"},{"url":"value","valueString":"true"}],"url":"http://hl7.org/fhir/tools/StructureDefinition/ig-parameter"},{"extension":[{"url":"code","valueString":"apply-version"},{"url":"value","valueString":"true"}],"url":"http://hl7.org/fhir/tools/StructureDefinition/ig-parameter"},{"extension":[{"url":"code","valueString":"apply-wg"},{"url":"value","valueString":"true"}],"url":"http://hl7.org/fhir/tools/StructureDefinition/ig-parameter"},{"extension":[{"url":"code","valueString":"active-tables"},{"url":"value","valueString":"true"}],"url":"http://hl7.org/fhir/tools/StructureDefinition/ig-parameter"},{"extension":[{"url":"code","valueString":"fmm-definition"},{"url":"value","valueString":"http://hl7.org/fhir/versions.html#maturity"}],"url":"http://hl7.org/fhir/tools/StructureDefinition/ig-parameter"},{"extension":[{"url":"code","valueString":"propagate-status"},{"url":"value","valueString":"true"}],"url":"http://hl7.org/fhir/tools/StructureDefinition/ig-parameter"},{"extension":[{"url":"code","valueString":"excludelogbinaryformat"},{"url":"value","valueString":"true"}],"url":"http://hl7.org/fhir/tools/StructureDefinition/ig-parameter"},{"extension":[{"url":"code","valueString":"tabbed-snapshots"},{"url":"value","valueString":"true"}],"url":"http://hl7.org/fhir/tools/StructureDefinition/ig-parameter"},{"url":"http://hl7.org/fhir/tools/StructureDefinition/ig-internal-dependency","valueCode":"hl7.fhir.uv.tools.r4#0.7.1"},{"extension":[{"url":"code","valueCode":"copyrightyear"},{"url":"value","valueString":"2025+"}],"url":"http://hl7.org/fhir/tools/StructureDefinition/ig-parameter"},{"extension":[{"url":"code","valueCode":"releaselabel"},{"url":"value","valueString":"draft"}],"url":"http://hl7.org/fhir/tools/StructureDefinition/ig-parameter"},{"extension":[{"url":"code","valueCode":"autoload-resources"},{"url":"value","valueString":"true"}],"url":"http://hl7.org/fhir/tools/StructureDefinition/ig-parameter"},{"extension":[{"url":"code","valueCode":"path-liquid"},{"url":"value","valueString":"template/liquid"}],"url":"http://hl7.org/fhir/tools/StructureDefinition/ig-parameter"},{"extension":[{"url":"code","valueCode":"path-liquid"},{"url":"value","valueString":"input/liquid"}],"url":"http://hl7.org/fhir/tools/StructureDefinition/ig-parameter"},{"extension":[{"url":"code","valueCode":"path-qa"},{"url":"value","valueString":"temp/qa"}],"url":"http://hl7.org/fhir/tools/StructureDefinition/ig-parameter"},{"extension":[{"url":"code","valueCode":"path-temp"},{"url":"value","valueString":"temp/pages"}],"url":"http://hl7.org/fhir/tools/StructureDefinition/ig-parameter"},{"extension":[{"url":"code","valueCode":"path-output"},{"url":"value","valueString":"output"}],"url":"http://hl7.org/fhir/tools/StructureDefinition/ig-parameter"},{"extension":[{"url":"code","valueCode":"path-suppressed-warnings"},{"url":"value","valueString":"input/ignoreWarnings.txt"}],"url":"http://hl7.org/fhir/tools/StructureDefinition/ig-parameter"},{"extension":[{"url":"code","valueCode":"path-history"},{"url":"value","valueString":"https://dhin.org/2025Connectathon/history.html"}],"url":"http://hl7.org/fhir/tools/StructureDefinition/ig-parameter"},{"extension":[{"url":"code","valueCode":"template-html"},{"url":"value","valueString":"template-page.html"}],"url":"http://hl7.org/fhir/tools/StructureDefinition/ig-parameter"},{"extension":[{"url":"code","valueCode":"template-md"},{"url":"value","valueString":"template-page-md.html"}],"url":"http://hl7.org/fhir/tools/StructureDefinition/ig-parameter"},{"extension":[{"url":"code","valueCode":"apply-contact"},{"url":"value","valueString":"true"}],"url":"http://hl7.org/fhir/tools/StructureDefinition/ig-parameter"},{"extension":[{"url":"code","valueCode":"apply-context"},{"url":"value","valueString":"true"}],"url":"http://hl7.org/fhir/tools/StructureDefinition/ig-parameter"},{"extension":[{"url":"code","valueCode":"apply-copyright"},{"url":"value","valueString":"true"}],"url":"http://hl7.org/fhir/tools/StructureDefinition/ig-parameter"},{"extension":[{"url":"code","valueCode":"apply-jurisdiction"},{"url":"value","valueString":"true"}],"url":"http://hl7.org/fhir/tools/StructureDefinition/ig-parameter"},{"extension":[{"url":"code","valueCode":"apply-license"},{"url":"value","valueString":"true"}],"url":"http://hl7.org/fhir/tools/StructureDefinition/ig-parameter"},{"extension":[{"url":"code","valueCode":"apply-publisher"},{"url":"value","valueString":"true"}],"url":"http://hl7.org/fhir/tools/StructureDefinition/ig-parameter"},{"extension":[{"url":"code","valueCode":"apply-version"},{"url":"value","valueString":"true"}],"url":"http://hl7.org/fhir/tools/StructureDefinition/ig-parameter"},{"extension":[{"url":"code","valueCode":"apply-wg"},{"url":"value","valueString":"true"}],"url":"http://hl7.org/fhir/tools/StructureDefinition/ig-parameter"},{"extension":[{"url":"code","valueCode":"active-tables"},{"url":"value","valueString":"true"}],"url":"http://hl7.org/fhir/tools/StructureDefinition/ig-parameter"},{"extension":[{"url":"code","valueCode":"fmm-definition"},{"url":"value","valueString":"http://hl7.org/fhir/versions.html#maturity"}],"url":"http://hl7.org/fhir/tools/StructureDefinition/ig-parameter"},{"extension":[{"url":"code","valueCode":"propagate-status"},{"url":"value","valueString":"true"}],"url":"http://hl7.org/fhir/tools/StructureDefinition/ig-parameter"},{"extension":[{"url":"code","valueCode":"excludelogbinaryformat"},{"url":"value","valueString":"true"}],"url":"http://hl7.org/fhir/tools/StructureDefinition/ig-parameter"},{"extension":[{"url":"code","valueCode":"tabbed-snapshots"},{"url":"value","valueString":"true"}],"url":"http://hl7.org/fhir/tools/StructureDefinition/ig-parameter"},{"extension":[{"url":"code","valueCode":"copyrightyear"},{"url":"value","valueString":"2025+"}],"url":"http://hl7.org/fhir/tools/StructureDefinition/ig-parameter"},{"extension":[{"url":"code","valueCode":"releaselabel"},{"url":"value","valueString":"draft"}],"url":"http://hl7.org/fhir/tools/StructureDefinition/ig-parameter"},{"extension":[{"url":"code","valueCode":"autoload-resources"},{"url":"value","valueString":"true"}],"url":"http://hl7.org/fhir/tools/StructureDefinition/ig-parameter"},{"extension":[{"url":"code","valueCode":"path-liquid"},{"url":"value","valueString":"template/liquid"}],"url":"http://hl7.org/fhir/tools/StructureDefinition/ig-parameter"},{"extension":[{"url":"code","valueCode":"path-liquid"},{"url":"value","valueString":"input/liquid"}],"url":"http://hl7.org/fhir/tools/StructureDefinition/ig-parameter"},{"extension":[{"url":"code","valueCode":"path-qa"},{"url":"value","valueString":"temp/qa"}],"url":"http://hl7.org/fhir/tools/StructureDefinition/ig-parameter"},{"extension":[{"url":"code","valueCode":"path-temp"},{"url":"value","valueString":"temp/pages"}],"url":"http://hl7.org/fhir/tools/StructureDefinition/ig-parameter"},{"extension":[{"url":"code","valueCode":"path-output"},{"url":"value","valueString":"output"}],"url":"http://hl7.org/fhir/tools/StructureDefinition/ig-parameter"},{"extension":[{"url":"code","valueCode":"path-suppressed-warnings"},{"url":"value","valueString":"input/ignoreWarnings.txt"}],"url":"http://hl7.org/fhir/tools/StructureDefinition/ig-parameter"},{"extension":[{"url":"code","valueCode":"path-history"},{"url":"value","valueString":"https://dhin.org/2025Connectathon/history.html"}],"url":"http://hl7.org/fhir/tools/StructureDefinition/ig-parameter"},{"extension":[{"url":"code","valueCode":"template-html"},{"url":"value","valueString":"template-page.html"}],"url":"http://hl7.org/fhir/tools/StructureDefinition/ig-parameter"},{"extension":[{"url":"code","valueCode":"template-md"},{"url":"value","valueString":"template-page-md.html"}],"url":"http://hl7.org/fhir/tools/StructureDefinition/ig-parameter"},{"extension":[{"url":"code","valueCode":"apply-contact"},{"url":"value","valueString":"true"}],"url":"http://hl7.org/fhir/tools/StructureDefinition/ig-parameter"},{"extension":[{"url":"code","valueCode":"apply-context"},{"url":"value","valueString":"true"}],"url":"http://hl7.org/fhir/tools/StructureDefinition/ig-parameter"},{"extension":[{"url":"code","valueCode":"apply-copyright"},{"url":"value","valueString":"true"}],"url":"http://hl7.org/fhir/tools/StructureDefinition/ig-parameter"},{"extension":[{"url":"code","valueCode":"apply-jurisdiction"},{"url":"value","valueString":"true"}],"url":"http://hl7.org/fhir/tools/StructureDefinition/ig-parameter"},{"extension":[{"url":"code","valueCode":"apply-license"},{"url":"value","valueString":"true"}],"url":"http://hl7.org/fhir/tools/StructureDefinition/ig-parameter"},{"extension":[{"url":"code","valueCode":"apply-publisher"},{"url":"value","valueString":"true"}],"url":"http://hl7.org/fhir/tools/StructureDefinition/ig-parameter"},{"extension":[{"url":"code","valueCode":"apply-version"},{"url":"value","valueString":"true"}],"url":"http://hl7.org/fhir/tools/StructureDefinition/ig-parameter"},{"extension":[{"url":"code","valueCode":"apply-wg"},{"url":"value","valueString":"true"}],"url":"http://hl7.org/fhir/tools/StructureDefinition/ig-parameter"},{"extension":[{"url":"code","valueCode":"active-tables"},{"url":"value","valueString":"true"}],"url":"http://hl7.org/fhir/tools/StructureDefinition/ig-parameter"},{"extension":[{"url":"code","valueCode":"fmm-definition"},{"url":"value","valueString":"http://hl7.org/fhir/versions.html#maturity"}],"url":"http://hl7.org/fhir/tools/StructureDefinition/ig-parameter"},{"extension":[{"url":"code","valueCode":"propagate-status"},{"url":"value","valueString":"true"}],"url":"http://hl7.org/fhir/tools/StructureDefinition/ig-parameter"},{"extension":[{"url":"code","valueCode":"excludelogbinaryformat"},{"url":"value","valueString":"true"}],"url":"http://hl7.org/fhir/tools/StructureDefinition/ig-parameter"},{"extension":[{"url":"code","valueCode":"tabbed-snapshots"},{"url":"value","valueString":"true"}],"url":"http://hl7.org/fhir/tools/StructureDefinition/ig-parameter"}],"grouping":[{"id":"-str-profile","name":"Structures: Resource Profiles","description":"These define constraints on FHIR resources for systems conforming to this implementation guide."},{"id":"-term-valueset","name":"Terminology: Value Sets","description":"These define sets of codes used by systems conforming to this implementation guide."},{"id":"-term-codesystem","name":"Terminology: Code Systems","description":"These define new code systems used by systems conforming to this implementation guide."},{"id":"-ex-example","name":"Example: Example Instances","description":"These are example instances that show what data produced and consumed by systems conforming with this implementation guide might look like."}],"resource":[{"extension":[{"url":"http://hl7.org/fhir/tools/StructureDefinition/resource-sort","valueInteger":999999999},{"url":"http://hl7.org/fhir/StructureDefinition/implementationguide-page","valueUri":"StructureDefinition-ng-bundle-referral-communication.html"}],"reference":{"reference":"StructureDefinition/ng-bundle-referral-communication"},"name":"1-NG-Bundle: Referral Communication","description":"Bundle used for ongoing communication between referral parties, including updates, clarifications, and instructions regarding a referral.","exampleBoolean":false,"groupingId":"-str-profile"},{"extension":[{"url":"http://hl7.org/fhir/tools/StructureDefinition/resource-sort","valueInteger":999999999},{"url":"http://hl7.org/fhir/StructureDefinition/implementationguide-page","valueUri":"StructureDefinition-ng-bundle-referral-initiation.html"}],"reference":{"reference":"StructureDefinition/ng-bundle-referral-initiation"},"name":"2-NG-Bundle: Referral Initiation","description":"A bundle used to initiate a referral from one healthcare provider or facility to another, including patient, encounter, reason, communication request, and care plan.","exampleBoolean":false,"groupingId":"-str-profile"},{"extension":[{"url":"http://hl7.org/fhir/tools/StructureDefinition/resource-sort","valueInteger":999999999},{"url":"http://hl7.org/fhir/StructureDefinition/implementationguide-page","valueUri":"StructureDefinition-ng-bundle-referral-response.html"}],"reference":{"reference":"StructureDefinition/ng-bundle-referral-response"},"name":"3-NG-Bundle: Referral Response","description":"Bundle used to respond to a referral, indicating acceptance, triage, feedback, or action taken.","exampleBoolean":false,"groupingId":"-str-profile"},{"extension":[{"url":"http://hl7.org/fhir/tools/StructureDefinition/resource-sort","valueInteger":999999999},{"url":"http://hl7.org/fhir/StructureDefinition/implementationguide-page","valueUri":"StructureDefinition-ng-bundle-referral-tracking.html"}],"reference":{"reference":"StructureDefinition/ng-bundle-referral-tracking"},"name":"4-NG-Bundle: Referral Tracking","description":"Bundle for tracking referral progression, including each encounter, communication, and outcomes related to the referral.","exampleBoolean":false,"groupingId":"-str-profile"},{"extension":[{"url":"http://hl7.org/fhir/tools/StructureDefinition/resource-sort","valueInteger":999999999},{"url":"http://hl7.org/fhir/StructureDefinition/implementationguide-page","valueUri":"StructureDefinition-ng-audit-event.html"}],"reference":{"reference":"StructureDefinition/ng-audit-event"},"name":"NG AuditEvent","description":"A profile for logging access and interactions with health data in Nigeria, such as patient records.","exampleBoolean":false,"groupingId":"-str-profile"},{"extension":[{"url":"http://hl7.org/fhir/tools/StructureDefinition/resource-sort","valueInteger":999999999},{"url":"http://hl7.org/fhir/StructureDefinition/implementationguide-page","valueUri":"StructureDefinition-ng-communication.html"}],"reference":{"reference":"StructureDefinition/ng-communication"},"name":"NG Communication","description":"A profile for recording formal communication exchanges such as notifications, clarifications, or feedback in health service delivery.","exampleBoolean":false,"groupingId":"-str-profile"},{"extension":[{"url":"http://hl7.org/fhir/tools/StructureDefinition/resource-sort","valueInteger":999999999},{"url":"http://hl7.org/fhir/StructureDefinition/implementationguide-page","valueUri":"StructureDefinition-ng-communication-request.html"}],"reference":{"reference":"StructureDefinition/ng-communication-request"},"name":"NG CommunicationRequest","description":"A profile for requesting a communication between healthcare providers, facilities, or clients in support of MNCH or other referral workflows.","exampleBoolean":false,"groupingId":"-str-profile"},{"extension":[{"url":"http://hl7.org/fhir/tools/StructureDefinition/resource-sort","valueInteger":999999999},{"url":"http://hl7.org/fhir/StructureDefinition/implementationguide-page","valueUri":"StructureDefinition-ng-condition.html"}],"reference":{"reference":"StructureDefinition/ng-condition"},"name":"NG Condition","description":"A profile representing the diagnosis or reason for Referral in Nigeria.","exampleBoolean":false,"groupingId":"-str-profile"},{"extension":[{"url":"http://hl7.org/fhir/tools/StructureDefinition/resource-sort","valueInteger":999999999},{"url":"http://hl7.org/fhir/StructureDefinition/implementationguide-page","valueUri":"StructureDefinition-ng-prescription-encounter.html"}],"reference":{"reference":"StructureDefinition/ng-prescription-encounter"},"name":"NG Encounter","description":"A profile representing patient encounters related to Referral.","exampleBoolean":false,"groupingId":"-str-profile"},{"extension":[{"url":"http://hl7.org/fhir/tools/StructureDefinition/resource-sort","valueInteger":999999999},{"url":"http://hl7.org/fhir/StructureDefinition/implementationguide-page","valueUri":"StructureDefinition-ng-location.html"}],"reference":{"reference":"StructureDefinition/ng-location"},"name":"NG Location","description":"A profile representing facility locations such as clinics, wards, or service points in Nigeria.","exampleBoolean":false,"groupingId":"-str-profile"},{"extension":[{"url":"http://hl7.org/fhir/tools/StructureDefinition/resource-sort","valueInteger":999999999},{"url":"http://hl7.org/fhir/StructureDefinition/implementationguide-page","valueUri":"StructureDefinition-ng-imm-organization.html"}],"reference":{"reference":"StructureDefinition/ng-imm-organization"},"name":"NG Organization","description":"An organization profile representing healthcare facilities responsible for health services or other types of organizations.","exampleBoolean":false,"groupingId":"-str-profile"},{"extension":[{"url":"http://hl7.org/fhir/tools/StructureDefinition/resource-sort","valueInteger":999999999},{"url":"http://hl7.org/fhir/StructureDefinition/implementationguide-page","valueUri":"StructureDefinition-NgPatient.html"}],"reference":{"reference":"StructureDefinition/NgPatient"},"name":"NG Patient","description":"Nigeria Patient Profile","exampleBoolean":false,"groupingId":"-str-profile"},{"extension":[{"url":"http://hl7.org/fhir/tools/StructureDefinition/resource-sort","valueInteger":999999999},{"url":"http://hl7.org/fhir/StructureDefinition/implementationguide-page","valueUri":"StructureDefinition-NgPractitioner.html"}],"reference":{"reference":"StructureDefinition/NgPractitioner"},"name":"NG Practitioner","description":"Profile for a Nigerian Practitioner","exampleBoolean":false,"groupingId":"-str-profile"},{"extension":[{"url":"http://hl7.org/fhir/tools/StructureDefinition/resource-sort","valueInteger":999999999},{"url":"http://hl7.org/fhir/StructureDefinition/implementationguide-page","valueUri":"StructureDefinition-ng-provenance.html"}],"reference":{"reference":"StructureDefinition/ng-provenance"},"name":"NG Provenance","description":"A profile for capturing metadata about creation or modification of health data in Nigeria, especially for audit and signature purposes.","exampleBoolean":false,"groupingId":"-str-profile"},{"extension":[{"url":"http://hl7.org/fhir/tools/StructureDefinition/resource-sort","valueInteger":999999999},{"url":"http://hl7.org/fhir/StructureDefinition/implementationguide-page","valueUri":"StructureDefinition-ng-referral-careplan.html"}],"reference":{"reference":"StructureDefinition/ng-referral-careplan"},"name":"NG Referral CarePlan","description":"A profile for representing care plans related to MNCH referrals and maternal-child continuity of care.","exampleBoolean":false,"groupingId":"-str-profile"},{"extension":[{"url":"http://hl7.org/fhir/tools/StructureDefinition/resource-sort","valueInteger":999999999},{"url":"http://hl7.org/fhir/StructureDefinition/implementationguide-page","valueUri":"StructureDefinition-ng-referral-observation.html"}],"reference":{"reference":"StructureDefinition/ng-referral-observation"},"name":"NG Referral Observation","description":"An Observation profile used during MNCH referral workflows for capturing vitals and key clinical signs.","exampleBoolean":false,"groupingId":"-str-profile"},{"extension":[{"url":"http://hl7.org/fhir/tools/StructureDefinition/resource-sort","valueInteger":999999999},{"url":"http://hl7.org/fhir/StructureDefinition/implementationguide-page","valueUri":"StructureDefinition-ng-servicerequest.html"}],"reference":{"reference":"StructureDefinition/ng-servicerequest"},"name":"NG ServiceRequest","description":"A simplified profile representing a service request such as a referral or lab request.","exampleBoolean":false,"groupingId":"-str-profile"},{"extension":[{"url":"http://hl7.org/fhir/tools/StructureDefinition/resource-sort","valueInteger":999999999},{"url":"http://hl7.org/fhir/StructureDefinition/implementationguide-page","valueUri":"StructureDefinition-ng-claim-task.html"}],"reference":{"reference":"StructureDefinition/ng-claim-task"},"name":"NG Task","description":"A profile for workflow and task management in ePrescription processing.","exampleBoolean":false,"groupingId":"-str-profile"},{"extension":[{"url":"http://hl7.org/fhir/tools/StructureDefinition/resource-sort","valueInteger":999999999},{"url":"http://hl7.org/fhir/StructureDefinition/implementationguide-page","valueUri":"ValueSet-nigeria-gender.html"}],"reference":{"reference":"ValueSet/nigeria-gender"},"name":"NG-Imm Gender or Sex VS","description":"Subset of HL7 administrative-gender limited to 'male' and 'female'.","exampleBoolean":false,"groupingId":"-term-valueset"},{"extension":[{"url":"http://hl7.org/fhir/tools/StructureDefinition/resource-sort","valueInteger":999999999},{"url":"http://hl7.org/fhir/StructureDefinition/implementationguide-page","valueUri":"ValueSet-nigeria-facility-types.html"}],"reference":{"reference":"ValueSet/nigeria-facility-types"},"name":"NG-Imm HealthFacility Type VS","description":"Classification of Nigerian health facilities","exampleBoolean":false,"groupingId":"-term-valueset"},{"extension":[{"url":"http://hl7.org/fhir/tools/StructureDefinition/resource-sort","valueInteger":999999999},{"url":"http://hl7.org/fhir/StructureDefinition/implementationguide-page","valueUri":"ValueSet-nigeria-lgas.html"}],"reference":{"reference":"ValueSet/nigeria-lgas"},"name":"NG-Imm LGAs VS","description":"The administrative Local Government Areas where a person or a facility is.","exampleBoolean":false,"groupingId":"-term-valueset"},{"extension":[{"url":"http://hl7.org/fhir/tools/StructureDefinition/resource-sort","valueInteger":999999999},{"url":"http://hl7.org/fhir/StructureDefinition/implementationguide-page","valueUri":"ValueSet-nigeria-languages.html"}],"reference":{"reference":"ValueSet/nigeria-languages"},"name":"NG-Imm Languages VS","description":"The Patient's preferred language for communication.","exampleBoolean":false,"groupingId":"-term-valueset"},{"extension":[{"url":"http://hl7.org/fhir/tools/StructureDefinition/resource-sort","valueInteger":999999999},{"url":"http://hl7.org/fhir/StructureDefinition/implementationguide-page","valueUri":"ValueSet-nigeria-location-owner.html"}],"reference":{"reference":"ValueSet/nigeria-location-owner"},"name":"NG-Imm Location Owner","description":"The owner of an Immunization location","exampleBoolean":false,"groupingId":"-term-valueset"},{"extension":[{"url":"http://hl7.org/fhir/tools/StructureDefinition/resource-sort","valueInteger":999999999},{"url":"http://hl7.org/fhir/StructureDefinition/implementationguide-page","valueUri":"ValueSet-nigeria-states.html"}],"reference":{"reference":"ValueSet/nigeria-states"},"name":"NG-Imm States VS","description":"The state where a person or a facility is.","exampleBoolean":false,"groupingId":"-term-valueset"},{"extension":[{"url":"http://hl7.org/fhir/tools/StructureDefinition/resource-sort","valueInteger":999999999},{"url":"http://hl7.org/fhir/StructureDefinition/implementationguide-page","valueUri":"ValueSet-nigeria-wards.html"}],"reference":{"reference":"ValueSet/nigeria-wards"},"name":"NG-Imm Wards VS","description":"The administrative Ward (within an LGA) where a person or a facility is.","exampleBoolean":false,"groupingId":"-term-valueset"},{"extension":[{"url":"http://hl7.org/fhir/tools/StructureDefinition/resource-sort","valueInteger":999999999},{"url":"http://hl7.org/fhir/StructureDefinition/implementationguide-page","valueUri":"CodeSystem-nigeria-wards.html"}],"reference":{"reference":"CodeSystem/nigeria-wards"},"name":"NG-Imm Administrative Wards CS","description":"This CodeSystem defines ward codes and names mapped to their respective Local Government Areas (LGAs) in Nigeria.","exampleBoolean":false,"groupingId":"-term-codesystem"},{"extension":[{"url":"http://hl7.org/fhir/tools/StructureDefinition/resource-sort","valueInteger":999999999},{"url":"http://hl7.org/fhir/StructureDefinition/implementationguide-page","valueUri":"CodeSystem-nigeria-facility-type.html"}],"reference":{"reference":"CodeSystem/nigeria-facility-type"},"name":"NG-Imm Facility Type CS","description":"A standardized classification system used to describe the type or level of health facility within a healthcare delivery system, based on the scope of services provided, staffing, infrastructure, and administrative role.","exampleBoolean":false,"groupingId":"-term-codesystem"},{"extension":[{"url":"http://hl7.org/fhir/tools/StructureDefinition/resource-sort","valueInteger":999999999},{"url":"http://hl7.org/fhir/StructureDefinition/implementationguide-page","valueUri":"CodeSystem-nigeria-gender.html"}],"reference":{"reference":"CodeSystem/nigeria-gender"},"name":"NG-Imm Gender CS","description":"The administrative gender of a person.","exampleBoolean":false,"groupingId":"-term-codesystem"},{"extension":[{"url":"http://hl7.org/fhir/tools/StructureDefinition/resource-sort","valueInteger":999999999},{"url":"http://hl7.org/fhir/StructureDefinition/implementationguide-page","valueUri":"CodeSystem-nigeria-lgas.html"}],"reference":{"reference":"CodeSystem/nigeria-lgas"},"name":"NG-Imm LGAs in Nigeria CS","description":"This CodeSystem defines LGA codes and names mapped to their respective States in Nigeria.","exampleBoolean":false,"groupingId":"-term-codesystem"},{"extension":[{"url":"http://hl7.org/fhir/tools/StructureDefinition/resource-sort","valueInteger":999999999},{"url":"http://hl7.org/fhir/StructureDefinition/implementationguide-page","valueUri":"CodeSystem-nigeria-location-owner-cs.html"}],"reference":{"reference":"CodeSystem/nigeria-location-owner-cs"},"name":"NG-Imm Location Owner CS","description":"This CodeSystem defines Immunization Location Owner.","exampleBoolean":false,"groupingId":"-term-codesystem"},{"extension":[{"url":"http://hl7.org/fhir/tools/StructureDefinition/resource-sort","valueInteger":999999999},{"url":"http://hl7.org/fhir/StructureDefinition/implementationguide-page","valueUri":"CodeSystem-nigeria-states.html"}],"reference":{"reference":"CodeSystem/nigeria-states"},"name":"NG-Imm States in Nigeria CS","description":"This CodeSystem defines ward codes and names mapped to their respective States in Nigeria.","exampleBoolean":false,"groupingId":"-term-codesystem"},{"extension":[{"url":"http://hl7.org/fhir/tools/StructureDefinition/resource-sort","valueInteger":999999999},{"url":"http://hl7.org/fhir/StructureDefinition/implementationguide-page","valueUri":"CodeSystem-nigeria-languages.html"}],"reference":{"reference":"CodeSystem/nigeria-languages"},"name":"NG‑Imm Languages in Nigeria CS","description":"This CodeSystem defines codes for major languages spoken across Nigeria.","exampleBoolean":false,"groupingId":"-term-codesystem"},{"extension":[{"url":"http://hl7.org/fhir/tools/StructureDefinition/resource-sort","valueInteger":999999999},{"url":"http://hl7.org/fhir/StructureDefinition/implementationguide-page","valueUri":"CarePlan-carePlan-001.html"}],"reference":{"reference":"CarePlan/carePlan-001"},"name":"Example: ANC Referral Care Plan","description":"Example care plan for a pregnant woman referred to secondary facility for advanced ANC services.","exampleCanonical":"https://dhin.org/2025Connectathon/StructureDefinition/ng-referral-careplan","groupingId":"-ex-example"},{"extension":[{"url":"http://hl7.org/fhir/tools/StructureDefinition/resource-sort","valueInteger":999999999},{"url":"http://hl7.org/fhir/StructureDefinition/implementationguide-page","valueUri":"CommunicationRequest-communicationrequest-001.html"}],"reference":{"reference":"CommunicationRequest/communicationrequest-001"},"name":"Example: ANC Referral CommunicationRequest","description":"A communication request from a primary care provider to a secondary facility for a referral follow-up.","exampleCanonical":"https://dhin.org/2025Connectathon/StructureDefinition/ng-communication-request","groupingId":"-ex-example"},{"extension":[{"url":"http://hl7.org/fhir/tools/StructureDefinition/resource-sort","valueInteger":999999999},{"url":"http://hl7.org/fhir/StructureDefinition/implementationguide-page","valueUri":"ServiceRequest-servicerequest-001.html"}],"reference":{"reference":"ServiceRequest/servicerequest-001"},"name":"Example: ANC Referral ServiceRequest","description":"A service request for ANC referral to a higher-level facility.","exampleCanonical":"https://dhin.org/2025Connectathon/StructureDefinition/ng-servicerequest","groupingId":"-ex-example"},{"extension":[{"url":"http://hl7.org/fhir/tools/StructureDefinition/resource-sort","valueInteger":999999999},{"url":"http://hl7.org/fhir/StructureDefinition/implementationguide-page","valueUri":"AuditEvent-audit-001.html"}],"reference":{"reference":"AuditEvent/audit-001"},"name":"Example: AuditEvent for Prescription Access","description":"An example AuditEvent recording a practitioner viewing an encounter.","exampleCanonical":"https://dhin.org/2025Connectathon/StructureDefinition/ng-audit-event","groupingId":"-ex-example"},{"extension":[{"url":"http://hl7.org/fhir/tools/StructureDefinition/resource-sort","valueInteger":999999999},{"url":"http://hl7.org/fhir/StructureDefinition/implementationguide-page","valueUri":"Observation-observation-001.html"}],"reference":{"reference":"Observation/observation-001"},"name":"Example: Blood Pressure Observation during MNCH Referral","description":"Example observation of systolic and diastolic blood pressure for a patient referred during ANC visit.","exampleCanonical":"https://dhin.org/2025Connectathon/StructureDefinition/ng-referral-observation","groupingId":"-ex-example"},{"extension":[{"url":"http://hl7.org/fhir/tools/StructureDefinition/resource-sort","valueInteger":999999999},{"url":"http://hl7.org/fhir/StructureDefinition/implementationguide-page","valueUri":"Location-example-location.html"}],"reference":{"reference":"Location/example-location"},"name":"Example: Clinics Location","description":"An example location representing a clinic branch.","exampleCanonical":"https://dhin.org/2025Connectathon/StructureDefinition/ng-location","groupingId":"-ex-example"},{"extension":[{"url":"http://hl7.org/fhir/tools/StructureDefinition/resource-sort","valueInteger":999999999},{"url":"http://hl7.org/fhir/StructureDefinition/implementationguide-page","valueUri":"Communication-communication-001.html"}],"reference":{"reference":"Communication/communication-001"},"name":"Example: Communication from Pharmacy to Prescriber","description":"An example communication sent from a pharmacist to a doctor requesting clarification on a prescription.","exampleCanonical":"https://dhin.org/2025Connectathon/StructureDefinition/ng-communication","groupingId":"-ex-example"},{"extension":[{"url":"http://hl7.org/fhir/tools/StructureDefinition/resource-sort","valueInteger":999999999},{"url":"http://hl7.org/fhir/StructureDefinition/implementationguide-page","valueUri":"Condition-condition-001.html"}],"reference":{"reference":"Condition/condition-001"},"name":"Example: Condition for Referral","description":"An example diagnosis of Otitis media related to a Referral.","exampleCanonical":"https://dhin.org/2025Connectathon/StructureDefinition/ng-condition","groupingId":"-ex-example"},{"extension":[{"url":"http://hl7.org/fhir/tools/StructureDefinition/resource-sort","valueInteger":999999999},{"url":"http://hl7.org/fhir/StructureDefinition/implementationguide-page","valueUri":"Organization-organization-sender.html"}],"reference":{"reference":"Organization/organization-sender"},"name":"Example: Lagos University Teaching Hospital","description":"A tertiary-level teaching hospital in Lagos.","exampleCanonical":"https://dhin.org/2025Connectathon/StructureDefinition/ng-imm-organization","groupingId":"-ex-example"},{"extension":[{"url":"http://hl7.org/fhir/tools/StructureDefinition/resource-sort","valueInteger":999999999},{"url":"http://hl7.org/fhir/StructureDefinition/implementationguide-page","valueUri":"Organization-organization-001.html"}],"reference":{"reference":"Organization/organization-001"},"name":"Example: NG Organization","description":"An example of a healthcare facility organization.","exampleCanonical":"https://dhin.org/2025Connectathon/StructureDefinition/ng-imm-organization","groupingId":"-ex-example"},{"extension":[{"url":"http://hl7.org/fhir/tools/StructureDefinition/resource-sort","valueInteger":999999999},{"url":"http://hl7.org/fhir/StructureDefinition/implementationguide-page","valueUri":"Patient-patient-001.html"}],"reference":{"reference":"Patient/patient-001"},"name":"Example: NG Patient","description":"An example instance of a Nigerian patient profile","exampleCanonical":"https://dhin.org/2025Connectathon/StructureDefinition/NgPatient","groupingId":"-ex-example"},{"extension":[{"url":"http://hl7.org/fhir/tools/StructureDefinition/resource-sort","valueInteger":999999999},{"url":"http://hl7.org/fhir/StructureDefinition/implementationguide-page","valueUri":"Practitioner-practitioner-001.html"}],"reference":{"reference":"Practitioner/practitioner-001"},"name":"Example: NG Practitioner","description":"An example of a Nigerian healthcare practitioner.","exampleCanonical":"https://dhin.org/2025Connectathon/StructureDefinition/NgPractitioner","groupingId":"-ex-example"},{"extension":[{"url":"http://hl7.org/fhir/tools/StructureDefinition/resource-sort","valueInteger":999999999},{"url":"http://hl7.org/fhir/StructureDefinition/implementationguide-page","valueUri":"Provenance-provenance-001.html"}],"reference":{"reference":"Provenance/provenance-001"},"name":"Example: Provenance of ePrescription","description":"An example of provenance capturing the author and timestamp of a prescription.","exampleCanonical":"https://dhin.org/2025Connectathon/StructureDefinition/ng-provenance","groupingId":"-ex-example"},{"extension":[{"url":"http://hl7.org/fhir/tools/StructureDefinition/resource-sort","valueInteger":999999999},{"url":"http://hl7.org/fhir/StructureDefinition/implementationguide-page","valueUri":"Bundle-referral-communication-bundle-001.html"}],"reference":{"reference":"Bundle/referral-communication-bundle-001"},"name":"Example: Referral Communication Bundle","description":"Bundle carrying communication between referring and receiving provider during the referral process.","exampleCanonical":"https://dhin.org/2025Connectathon/StructureDefinition/ng-bundle-referral-communication","groupingId":"-ex-example"},{"extension":[{"url":"http://hl7.org/fhir/tools/StructureDefinition/resource-sort","valueInteger":999999999},{"url":"http://hl7.org/fhir/StructureDefinition/implementationguide-page","valueUri":"Encounter-encounter-001.html"}],"reference":{"reference":"Encounter/encounter-001"},"name":"Example: Referral Encounter","description":"An example encounter related to an referral event.","exampleCanonical":"https://dhin.org/2025Connectathon/StructureDefinition/ng-prescription-encounter","groupingId":"-ex-example"},{"extension":[{"url":"http://hl7.org/fhir/tools/StructureDefinition/resource-sort","valueInteger":999999999},{"url":"http://hl7.org/fhir/StructureDefinition/implementationguide-page","valueUri":"Bundle-referral-initiation-bundle-001.html"}],"reference":{"reference":"Bundle/referral-initiation-bundle-001"},"name":"Example: Referral Initiation Bundle","description":"Bundle to initiate a referral for a high-risk ANC case from PHC to General Hospital.","exampleCanonical":"https://dhin.org/2025Connectathon/StructureDefinition/ng-bundle-referral-initiation","groupingId":"-ex-example"},{"extension":[{"url":"http://hl7.org/fhir/tools/StructureDefinition/resource-sort","valueInteger":999999999},{"url":"http://hl7.org/fhir/StructureDefinition/implementationguide-page","valueUri":"Bundle-referral-response-bundle-001.html"}],"reference":{"reference":"Bundle/referral-response-bundle-001"},"name":"Example: Referral Response Bundle","description":"Bundle example showing a referral response with communication and follow-up details.","exampleCanonical":"https://dhin.org/2025Connectathon/StructureDefinition/ng-bundle-referral-response","groupingId":"-ex-example"},{"extension":[{"url":"http://hl7.org/fhir/tools/StructureDefinition/resource-sort","valueInteger":999999999},{"url":"http://hl7.org/fhir/StructureDefinition/implementationguide-page","valueUri":"Bundle-referral-tracking-bundle-001.html"}],"reference":{"reference":"Bundle/referral-tracking-bundle-001"},"name":"Example: Referral Tracking Bundle","description":"Example bundle capturing a longitudinal view of MNCH referral tracking.","exampleCanonical":"https://dhin.org/2025Connectathon/StructureDefinition/ng-bundle-referral-tracking","groupingId":"-ex-example"},{"extension":[{"url":"http://hl7.org/fhir/tools/StructureDefinition/resource-sort","valueInteger":999999999},{"url":"http://hl7.org/fhir/StructureDefinition/implementationguide-page","valueUri":"Task-example-claim-task.html"}],"reference":{"reference":"Task/example-claim-task"},"name":"Example: Task for Dispensing Prescription","description":"A task representing the assignment to dispense a prescription in an ePrescription workflow.","exampleCanonical":"https://dhin.org/2025Connectathon/StructureDefinition/ng-claim-task","groupingId":"-ex-example"},{"extension":[{"url":"http://hl7.org/fhir/tools/StructureDefinition/resource-sort","valueInteger":999999999},{"url":"http://hl7.org/fhir/StructureDefinition/implementationguide-page","valueUri":"Organization-organization-receiver.html"}],"reference":{"reference":"Organization/organization-receiver"},"name":"Example: TrustHMO","description":"A national HMO licensed under NHIA.","exampleCanonical":"https://dhin.org/2025Connectathon/StructureDefinition/ng-imm-organization","groupingId":"-ex-example"}],"page":{"extension":[{"url":"http://hl7.org/fhir/tools/StructureDefinition/ig-page-name","valueUrl":"toc.html"}],"nameUrl":"toc.html","title":"Table of Contents","generation":"html","page":[{"extension":[{"url":"http://hl7.org/fhir/tools/StructureDefinition/ig-page-name","valueUrl":"index.html"}],"nameUrl":"index.html","title":"Home","generation":"markdown"},{"extension":[{"url":"http://hl7.org/fhir/tools/StructureDefinition/ig-page-name","valueUrl":"artifacts.html"}],"nameUrl":"artifacts.html","title":"Artifacts Summary","generation":"html","page":[{"extension":[{"url":"http://hl7.org/fhir/tools/StructureDefinition/ig-page-name","valueUrl":"StructureDefinition-ng-bundle-referral-communication.html"}],"nameUrl":"StructureDefinition-ng-bundle-referral-communication.html","title":"1-NG-Bundle: Referral Communication","generation":"generated"},{"extension":[{"url":"http://hl7.org/fhir/tools/StructureDefinition/ig-page-name","valueUrl":"StructureDefinition-ng-bundle-referral-initiation.html"}],"nameUrl":"StructureDefinition-ng-bundle-referral-initiation.html","title":"2-NG-Bundle: Referral Initiation","generation":"generated"},{"extension":[{"url":"http://hl7.org/fhir/tools/StructureDefinition/ig-page-name","valueUrl":"StructureDefinition-ng-bundle-referral-response.html"}],"nameUrl":"StructureDefinition-ng-bundle-referral-response.html","title":"3-NG-Bundle: Referral Response","generation":"generated"},{"extension":[{"url":"http://hl7.org/fhir/tools/StructureDefinition/ig-page-name","valueUrl":"StructureDefinition-ng-bundle-referral-tracking.html"}],"nameUrl":"StructureDefinition-ng-bundle-referral-tracking.html","title":"4-NG-Bundle: Referral Tracking","generation":"generated"},{"extension":[{"url":"http://hl7.org/fhir/tools/StructureDefinition/ig-page-name","valueUrl":"StructureDefinition-ng-audit-event.html"}],"nameUrl":"StructureDefinition-ng-audit-event.html","title":"NG AuditEvent","generation":"generated"},{"extension":[{"url":"http://hl7.org/fhir/tools/StructureDefinition/ig-page-name","valueUrl":"StructureDefinition-ng-communication.html"}],"nameUrl":"StructureDefinition-ng-communication.html","title":"NG Communication","generation":"generated"},{"extension":[{"url":"http://hl7.org/fhir/tools/StructureDefinition/ig-page-name","valueUrl":"StructureDefinition-ng-communication-request.html"}],"nameUrl":"StructureDefinition-ng-communication-request.html","title":"NG CommunicationRequest","generation":"generated"},{"extension":[{"url":"http://hl7.org/fhir/tools/StructureDefinition/ig-page-name","valueUrl":"StructureDefinition-ng-condition.html"}],"nameUrl":"StructureDefinition-ng-condition.html","title":"NG Condition","generation":"generated"},{"extension":[{"url":"http://hl7.org/fhir/tools/StructureDefinition/ig-page-name","valueUrl":"StructureDefinition-ng-prescription-encounter.html"}],"nameUrl":"StructureDefinition-ng-prescription-encounter.html","title":"NG Encounter","generation":"generated"},{"extension":[{"url":"http://hl7.org/fhir/tools/StructureDefinition/ig-page-name","valueUrl":"StructureDefinition-ng-location.html"}],"nameUrl":"StructureDefinition-ng-location.html","title":"NG Location","generation":"generated"},{"extension":[{"url":"http://hl7.org/fhir/tools/StructureDefinition/ig-page-name","valueUrl":"StructureDefinition-ng-imm-organization.html"}],"nameUrl":"StructureDefinition-ng-imm-organization.html","title":"NG Organization","generation":"generated"},{"extension":[{"url":"http://hl7.org/fhir/tools/StructureDefinition/ig-page-name","valueUrl":"StructureDefinition-NgPatient.html"}],"nameUrl":"StructureDefinition-NgPatient.html","title":"NG Patient","generation":"generated"},{"extension":[{"url":"http://hl7.org/fhir/tools/StructureDefinition/ig-page-name","valueUrl":"StructureDefinition-NgPractitioner.html"}],"nameUrl":"StructureDefinition-NgPractitioner.html","title":"NG Practitioner","generation":"generated"},{"extension":[{"url":"http://hl7.org/fhir/tools/StructureDefinition/ig-page-name","valueUrl":"StructureDefinition-ng-provenance.html"}],"nameUrl":"StructureDefinition-ng-provenance.html","title":"NG Provenance","generation":"generated"},{"extension":[{"url":"http://hl7.org/fhir/tools/StructureDefinition/ig-page-name","valueUrl":"StructureDefinition-ng-referral-careplan.html"}],"nameUrl":"StructureDefinition-ng-referral-careplan.html","title":"NG Referral CarePlan","generation":"generated"},{"extension":[{"url":"http://hl7.org/fhir/tools/StructureDefinition/ig-page-name","valueUrl":"StructureDefinition-ng-referral-observation.html"}],"nameUrl":"StructureDefinition-ng-referral-observation.html","title":"NG Referral Observation","generation":"generated"},{"extension":[{"url":"http://hl7.org/fhir/tools/StructureDefinition/ig-page-name","valueUrl":"StructureDefinition-ng-servicerequest.html"}],"nameUrl":"StructureDefinition-ng-servicerequest.html","title":"NG ServiceRequest","generation":"generated"},{"extension":[{"url":"http://hl7.org/fhir/tools/StructureDefinition/ig-page-name","valueUrl":"StructureDefinition-ng-claim-task.html"}],"nameUrl":"StructureDefinition-ng-claim-task.html","title":"NG Task","generation":"generated"},{"extension":[{"url":"http://hl7.org/fhir/tools/StructureDefinition/ig-page-name","valueUrl":"ValueSet-nigeria-gender.html"}],"nameUrl":"ValueSet-nigeria-gender.html","title":"NG-Imm Gender or Sex VS","generation":"generated"},{"extension":[{"url":"http://hl7.org/fhir/tools/StructureDefinition/ig-page-name","valueUrl":"ValueSet-nigeria-facility-types.html"}],"nameUrl":"ValueSet-nigeria-facility-types.html","title":"NG-Imm HealthFacility Type VS","generation":"generated"},{"extension":[{"url":"http://hl7.org/fhir/tools/StructureDefinition/ig-page-name","valueUrl":"ValueSet-nigeria-languages.html"}],"nameUrl":"ValueSet-nigeria-languages.html","title":"NG-Imm Languages VS","generation":"generated"},{"extension":[{"url":"http://hl7.org/fhir/tools/StructureDefinition/ig-page-name","valueUrl":"ValueSet-nigeria-lgas.html"}],"nameUrl":"ValueSet-nigeria-lgas.html","title":"NG-Imm LGAs VS","generation":"generated"},{"extension":[{"url":"http://hl7.org/fhir/tools/StructureDefinition/ig-page-name","valueUrl":"ValueSet-nigeria-location-owner.html"}],"nameUrl":"ValueSet-nigeria-location-owner.html","title":"NG-Imm Location Owner","generation":"generated"},{"extension":[{"url":"http://hl7.org/fhir/tools/StructureDefinition/ig-page-name","valueUrl":"ValueSet-nigeria-states.html"}],"nameUrl":"ValueSet-nigeria-states.html","title":"NG-Imm States VS","generation":"generated"},{"extension":[{"url":"http://hl7.org/fhir/tools/StructureDefinition/ig-page-name","valueUrl":"ValueSet-nigeria-wards.html"}],"nameUrl":"ValueSet-nigeria-wards.html","title":"NG-Imm Wards VS","generation":"generated"},{"extension":[{"url":"http://hl7.org/fhir/tools/StructureDefinition/ig-page-name","valueUrl":"CodeSystem-nigeria-wards.html"}],"nameUrl":"CodeSystem-nigeria-wards.html","title":"NG-Imm Administrative Wards CS","generation":"generated"},{"extension":[{"url":"http://hl7.org/fhir/tools/StructureDefinition/ig-page-name","valueUrl":"CodeSystem-nigeria-facility-type.html"}],"nameUrl":"CodeSystem-nigeria-facility-type.html","title":"NG-Imm Facility Type CS","generation":"generated"},{"extension":[{"url":"http://hl7.org/fhir/tools/StructureDefinition/ig-page-name","valueUrl":"CodeSystem-nigeria-gender.html"}],"nameUrl":"CodeSystem-nigeria-gender.html","title":"NG-Imm Gender CS","generation":"generated"},{"extension":[{"url":"http://hl7.org/fhir/tools/StructureDefinition/ig-page-name","valueUrl":"CodeSystem-nigeria-lgas.html"}],"nameUrl":"CodeSystem-nigeria-lgas.html","title":"NG-Imm LGAs in Nigeria CS","generation":"generated"},{"extension":[{"url":"http://hl7.org/fhir/tools/StructureDefinition/ig-page-name","valueUrl":"CodeSystem-nigeria-location-owner-cs.html"}],"nameUrl":"CodeSystem-nigeria-location-owner-cs.html","title":"NG-Imm Location Owner CS","generation":"generated"},{"extension":[{"url":"http://hl7.org/fhir/tools/StructureDefinition/ig-page-name","valueUrl":"CodeSystem-nigeria-states.html"}],"nameUrl":"CodeSystem-nigeria-states.html","title":"NG-Imm States in Nigeria CS","generation":"generated"},{"extension":[{"url":"http://hl7.org/fhir/tools/StructureDefinition/ig-page-name","valueUrl":"CodeSystem-nigeria-languages.html"}],"nameUrl":"CodeSystem-nigeria-languages.html","title":"NG‑Imm Languages in Nigeria CS","generation":"generated"},{"extension":[{"url":"http://hl7.org/fhir/tools/StructureDefinition/ig-page-name","valueUrl":"CarePlan-carePlan-001.html"}],"nameUrl":"CarePlan-carePlan-001.html","title":"Example: ANC Referral Care Plan","generation":"generated"},{"extension":[{"url":"http://hl7.org/fhir/tools/StructureDefinition/ig-page-name","valueUrl":"CommunicationRequest-communicationrequest-001.html"}],"nameUrl":"CommunicationRequest-communicationrequest-001.html","title":"Example: ANC Referral CommunicationRequest","generation":"generated"},{"extension":[{"url":"http://hl7.org/fhir/tools/StructureDefinition/ig-page-name","valueUrl":"ServiceRequest-servicerequest-001.html"}],"nameUrl":"ServiceRequest-servicerequest-001.html","title":"Example: ANC Referral ServiceRequest","generation":"generated"},{"extension":[{"url":"http://hl7.org/fhir/tools/StructureDefinition/ig-page-name","valueUrl":"AuditEvent-audit-001.html"}],"nameUrl":"AuditEvent-audit-001.html","title":"Example: AuditEvent for Prescription Access","generation":"generated"},{"extension":[{"url":"http://hl7.org/fhir/tools/StructureDefinition/ig-page-name","valueUrl":"Observation-observation-001.html"}],"nameUrl":"Observation-observation-001.html","title":"Example: Blood Pressure Observation during MNCH Referral","generation":"generated"},{"extension":[{"url":"http://hl7.org/fhir/tools/StructureDefinition/ig-page-name","valueUrl":"Location-example-location.html"}],"nameUrl":"Location-example-location.html","title":"Example: Clinics Location","generation":"generated"},{"extension":[{"url":"http://hl7.org/fhir/tools/StructureDefinition/ig-page-name","valueUrl":"Communication-communication-001.html"}],"nameUrl":"Communication-communication-001.html","title":"Example: Communication from Pharmacy to Prescriber","generation":"generated"},{"extension":[{"url":"http://hl7.org/fhir/tools/StructureDefinition/ig-page-name","valueUrl":"Condition-condition-001.html"}],"nameUrl":"Condition-condition-001.html","title":"Example: Condition for Referral","generation":"generated"},{"extension":[{"url":"http://hl7.org/fhir/tools/StructureDefinition/ig-page-name","valueUrl":"Organization-organization-sender.html"}],"nameUrl":"Organization-organization-sender.html","title":"Example: Lagos University Teaching Hospital","generation":"generated"},{"extension":[{"url":"http://hl7.org/fhir/tools/StructureDefinition/ig-page-name","valueUrl":"Organization-organization-001.html"}],"nameUrl":"Organization-organization-001.html","title":"Example: NG Organization","generation":"generated"},{"extension":[{"url":"http://hl7.org/fhir/tools/StructureDefinition/ig-page-name","valueUrl":"Patient-patient-001.html"}],"nameUrl":"Patient-patient-001.html","title":"Example: NG Patient","generation":"generated"},{"extension":[{"url":"http://hl7.org/fhir/tools/StructureDefinition/ig-page-name","valueUrl":"Practitioner-practitioner-001.html"}],"nameUrl":"Practitioner-practitioner-001.html","title":"Example: NG Practitioner","generation":"generated"},{"extension":[{"url":"http://hl7.org/fhir/tools/StructureDefinition/ig-page-name","valueUrl":"Provenance-provenance-001.html"}],"nameUrl":"Provenance-provenance-001.html","title":"Example: Provenance of ePrescription","generation":"generated"},{"extension":[{"url":"http://hl7.org/fhir/tools/StructureDefinition/ig-page-name","valueUrl":"Bundle-referral-communication-bundle-001.html"}],"nameUrl":"Bundle-referral-communication-bundle-001.html","title":"Example: Referral Communication Bundle","generation":"generated"},{"extension":[{"url":"http://hl7.org/fhir/tools/StructureDefinition/ig-page-name","valueUrl":"Encounter-encounter-001.html"}],"nameUrl":"Encounter-encounter-001.html","title":"Example: Referral Encounter","generation":"generated"},{"extension":[{"url":"http://hl7.org/fhir/tools/StructureDefinition/ig-page-name","valueUrl":"Bundle-referral-initiation-bundle-001.html"}],"nameUrl":"Bundle-referral-initiation-bundle-001.html","title":"Example: Referral Initiation Bundle","generation":"generated"},{"extension":[{"url":"http://hl7.org/fhir/tools/StructureDefinition/ig-page-name","valueUrl":"Bundle-referral-response-bundle-001.html"}],"nameUrl":"Bundle-referral-response-bundle-001.html","title":"Example: Referral Response Bundle","generation":"generated"},{"extension":[{"url":"http://hl7.org/fhir/tools/StructureDefinition/ig-page-name","valueUrl":"Bundle-referral-tracking-bundle-001.html"}],"nameUrl":"Bundle-referral-tracking-bundle-001.html","title":"Example: Referral Tracking Bundle","generation":"generated"},{"extension":[{"url":"http://hl7.org/fhir/tools/StructureDefinition/ig-page-name","valueUrl":"Task-example-claim-task.html"}],"nameUrl":"Task-example-claim-task.html","title":"Example: Task for Dispensing Prescription","generation":"generated"},{"extension":[{"url":"http://hl7.org/fhir/tools/StructureDefinition/ig-page-name","valueUrl":"Organization-organization-receiver.html"}],"nameUrl":"Organization-organization-receiver.html","title":"Example: TrustHMO","generation":"generated"}]}]},"parameter":[{"code":"path-resource","value":"input/capabilities"},{"code":"path-resource","value":"input/examples"},{"code":"path-resource","value":"input/extensions"},{"code":"path-resource","value":"input/models"},{"code":"path-resource","value":"input/operations"},{"code":"path-resource","value":"input/profiles"},{"code":"path-resource","value":"input/resources"},{"code":"path-resource","value":"input/vocabulary"},{"code":"path-resource","value":"input/maps"},{"code":"path-resource","value":"input/testing"},{"code":"path-resource","value":"input/history"},{"code":"path-resource","value":"fsh-generated/resources"},{"code":"path-pages","value":"template/config"},{"code":"path-pages","value":"input/images"},{"code":"path-tx-cache","value":"input-cache/txcache"}]}}