{
  "resourceType" : "CarePlan",
  "id" : "carePlan-001",
  "meta" : {
    "profile" : ["https://dhin.org/2025Connectathon/StructureDefinition/ng-referral-careplan"]
  },
  "text" : {
    "status" : "generated",
    "div" : "<div xmlns=\"http://www.w3.org/1999/xhtml\"><p class=\"res-header-id\"><b>Generated Narrative: CarePlan carePlan-001</b></p><a name=\"carePlan-001\"> </a><a name=\"hccarePlan-001\"> </a><div style=\"display: inline-block; background-color: #d9e0e7; padding: 6px; margin: 4px; border: 1px solid #8da1b4; border-radius: 5px; line-height: 60%\"><p style=\"margin-bottom: 0px\"/><p style=\"margin-bottom: 0px\">Profile: <a href=\"StructureDefinition-ng-referral-careplan.html\">NG Referral CarePlan</a></p></div><p><b>status</b>: Active</p><p><b>intent</b>: Plan</p><p><b>category</b>: <span title=\"Codes:{http://hl7.org/fhir/care-plan-category assess-plan}\">assess-plan</span></p><p><b>title</b>: Referral for High-Risk ANC Monitoring</p><p><b>description</b>: This care plan outlines scheduled follow-up and tests for a patient referred due to elevated blood pressure and proteinuria.</p><p><b>subject</b>: <code>NgPatient/patient-mnch-001</code></p><p><b>period</b>: 2025-08-01 --&gt; 2025-09-15</p><p><b>created</b>: 2025-08-01</p><p><b>author</b>: <code>NgPractitioner/practitioner-012</code></p><p><b>goal</b>: <a href=\"Goal/anc-bp-goal\">Goal/anc-bp-goal</a></p><blockquote><p><b>activity</b></p><h3>Details</h3><table class=\"grid\"><tr><td style=\"display: none\">-</td><td><b>Kind</b></td><td><b>Status</b></td><td><b>Description</b></td></tr><tr><td style=\"display: none\">*</td><td>Appointment</td><td>Scheduled</td><td>Follow-up appointment with obstetrician at secondary facility on 2025-08-05</td></tr></table></blockquote><blockquote><p><b>activity</b></p><h3>Details</h3><table class=\"grid\"><tr><td style=\"display: none\">-</td><td><b>Kind</b></td><td><b>Status</b></td><td><b>Description</b></td></tr><tr><td style=\"display: none\">*</td><td>ServiceRequest</td><td>Not Started</td><td>Request for renal function test and repeat urine protein analysis</td></tr></table></blockquote></div>"
  },
  "status" : "active",
  "intent" : "plan",
  "category" : [{
    "coding" : [{
      "system" : "http://hl7.org/fhir/care-plan-category",
      "code" : "assess-plan"
    }]
  }],
  "title" : "Referral for High-Risk ANC Monitoring",
  "description" : "This care plan outlines scheduled follow-up and tests for a patient referred due to elevated blood pressure and proteinuria.",
  "subject" : {
    "reference" : "NgPatient/patient-mnch-001"
  },
  "period" : {
    "start" : "2025-08-01",
    "end" : "2025-09-15"
  },
  "created" : "2025-08-01",
  "author" : {
    "reference" : "NgPractitioner/practitioner-012"
  },
  "goal" : [{
    "reference" : "Goal/anc-bp-goal"
  }],
  "activity" : [{
    "detail" : {
      "kind" : "Appointment",
      "status" : "scheduled",
      "description" : "Follow-up appointment with obstetrician at secondary facility on 2025-08-05"
    }
  },
  {
    "detail" : {
      "kind" : "ServiceRequest",
      "status" : "not-started",
      "description" : "Request for renal function test and repeat urine protein analysis"
    }
  }]
}